reference,sequence_number
division=3&district=29&upazila=229&union=4143,000111
division=3&district=29&upazila=229&municipality=OpenCRVS_1,000111
division=3&district=29&upazila=229&municipality=OpenCRVS_2,000111
division=3&district=29&upazila=229&union=4144,000111
division=3&district=29&upazila=229&union=4145,000111
division=3&district=29&upazila=229&union=4146,000111
division=3&district=29&upazila=229&union=4147,000111
division=3&district=29&upazila=229&union=4148,000111
division=3&district=29&upazila=229&union=4149,000111
division=3&district=29&upazila=229&union=4150,000111
division=3&district=29&upazila=229&union=4151,000111
division=3&district=29&upazila=229&union=4152,000111
division=3&district=29&upazila=229&union=4153,000111
division=3&district=29&upazila=229&union=4154,000111
division=3&district=29&upazila=229&union=4155,000111
division=3&district=29&upazila=229&union=4156,000111
division=6&district=55&upazila=413&union=736,000111
division=6&district=55&upazila=413&union=737,000111
division=6&district=55&upazila=413&union=738,000111
division=6&district=55&upazila=413&union=739,000111
division=6&district=55&upazila=413&union=740,000111
division=6&district=55&upazila=413&union=741,000111
division=6&district=55&upazila=413&union=742,000111
division=6&district=55&upazila=413&union=743,000111
division=6&district=55&upazila=413&union=744,000111
division=6&district=55&upazila=413&union=745,000111