"OpenCRVS_ID","Type","English_name","Bengali_name","Bureau_of_Statistics_ID","Map_data_exists","OISF_A2I_Reference","Rural_or_Urban","Estimated_Male_Population","Estimated_Female_Population","Estimated_number_of_male_children_aged_10_years","Estimated_number_of_female_children_aged_10_years","Estimated_number_of_male_children_aged_9_years","Estimated_number_of_female_children_aged_9_years","Estimated_number_of_male_children_aged_8_years","Estimated_number_of_female_children_aged_8_years","Estimated_number_of_male_children_aged_7_years","Estimated_number_of_female_children_aged_7_years","Estimated_number_of_male_children_aged_6_years","Estimated_number_of_female_children_aged_6_years","Estimated_number_of_male_children_aged_5_years","Estimated_number_of_female_children_aged_5_years","Estimated_number_of_male_children_aged_4_years","Estimated_number_of_female_children_aged_4_years","Estimated_number_of_male_children_aged_3_years","Estimated_number_of_female_children_aged_3_years","Estimated_number_of_male_children_aged_2_years","Estimated_number_of_female_children_aged_2_years","Estimated_number_of_male_children_aged_1_years","Estimated_number_of_female_children_aged_1_years","Estimated_number_of_male_children_aged_under_6_months","Estimated_number_of_female_children_aged_under_6_months"
"f8d2e74f-b64d-499b-874c-38c744c73eca","Thana","AMTALI","আমতলী","17",false,"division=1&district=1&thana=17","",0,0,0,0,0,0,0,0,0,0,0,0,0,0,0,0,0,0,0,0,0,0,0,0
"fb0832db-e663-460e-b01e-dff9fcf0a959","Thana","BAMNA","বামনা","18",false,"division=1&district=1&thana=18","",0,0,0,0,0,0,0,0,0,0,0,0,0,0,0,0,0,0,0,0,0,0,0,0
"b77ce3ef-231b-4596-8756-5f6f5ebdc60e","Thana","BARGUNA SADAR","বরগুনা সদর","19",false,"division=1&district=1&thana=19","",0,0,0,0,0,0,0,0,0,0,0,0,0,0,0,0,0,0,0,0,0,0,0,0
"86cfb028-cf12-4cb0-9501-11d906420e62","Thana","BETAGI","বেতাগী","20",false,"division=1&district=1&thana=20","",0,0,0,0,0,0,0,0,0,0,0,0,0,0,0,0,0,0,0,0,0,0,0,0
"27910e64-58e2-475f-8d31-a0baff84a212","Thana","PATHARGHATA","পাথরঘাটা","21",false,"division=1&district=1&thana=21","",0,0,0,0,0,0,0,0,0,0,0,0,0,0,0,0,0,0,0,0,0,0,0,0
"3e6db6a8-0362-49ad-92a0-3859331ed0b8","Thana","TALTALI","তালতলী","22",false,"division=1&district=1&thana=22","",0,0,0,0,0,0,0,0,0,0,0,0,0,0,0,0,0,0,0,0,0,0,0,0
"5a4e14ed-ed9e-4669-8269-ef762f53cdc1","Thana","AGAILJHARA","আগৈলঝাড়া","23",false,"division=1&district=2&thana=23","",0,0,0,0,0,0,0,0,0,0,0,0,0,0,0,0,0,0,0,0,0,0,0,0
"983c6348-0490-40de-b1bd-e13e67990c71","Thana","BABUGANJ","বাবুগঞ্জ","24",false,"division=1&district=2&thana=24","",0,0,0,0,0,0,0,0,0,0,0,0,0,0,0,0,0,0,0,0,0,0,0,0
"c1c7f24c-08a8-4671-844a-030c565823d7","Thana","BAKERGANJ","বাকেরগঞ্জ","25",false,"division=1&district=2&thana=25","",0,0,0,0,0,0,0,0,0,0,0,0,0,0,0,0,0,0,0,0,0,0,0,0
"a4ec3283-b2e3-45ca-8969-9aafa7e5a346","Thana","BANARI PARA","বানারী পাড়া","26",false,"division=1&district=2&thana=26","",0,0,0,0,0,0,0,0,0,0,0,0,0,0,0,0,0,0,0,0,0,0,0,0
"e64368e8-4052-45c3-a20c-1702b5b82c87","Thana","GAURNADI","গৌরনদী","27",false,"division=1&district=2&thana=27","",0,0,0,0,0,0,0,0,0,0,0,0,0,0,0,0,0,0,0,0,0,0,0,0
"cf0fca0b-e0c5-45c5-8b7d-88ef3e18c865","Thana","HIZLA","হিজলা","28",false,"division=1&district=2&thana=28","",0,0,0,0,0,0,0,0,0,0,0,0,0,0,0,0,0,0,0,0,0,0,0,0
"3fee7383-8618-4653-ac80-c71bb1d6a276","Thana","BARISAL SADAR (KOTWALI)","বরিশাল সদর","29",false,"division=1&district=2&thana=29","",0,0,0,0,0,0,0,0,0,0,0,0,0,0,0,0,0,0,0,0,0,0,0,0
"d014cf86-69bf-4b34-bcc8-d82bf4ffd512","Thana","MEHENDIGANJ","মেহেন্দীগঞ্জ","30",false,"division=1&district=2&thana=30","",0,0,0,0,0,0,0,0,0,0,0,0,0,0,0,0,0,0,0,0,0,0,0,0
"b628f7c1-aa60-48d3-bbed-12d7889e58be","Thana","MULADI","মুলাদী","31",false,"division=1&district=2&thana=31","",0,0,0,0,0,0,0,0,0,0,0,0,0,0,0,0,0,0,0,0,0,0,0,0
"fec9122e-4a41-494b-88c9-e567ef22a636","Thana","WAZIRPUR","উজিরপুর","32",false,"division=1&district=2&thana=32","",0,0,0,0,0,0,0,0,0,0,0,0,0,0,0,0,0,0,0,0,0,0,0,0
"182f6cf1-ffb6-4a09-ba2b-9a2550fa7908","Thana","BHOLA SADAR","ভোলা সদর","33",false,"division=1&district=3&thana=33","",0,0,0,0,0,0,0,0,0,0,0,0,0,0,0,0,0,0,0,0,0,0,0,0
"2508efa8-0b50-43da-a34f-8f9f7e3402e6","Thana","BURHANUDDIN","বোরহানউদ্দীন","34",false,"division=1&district=3&thana=34","",0,0,0,0,0,0,0,0,0,0,0,0,0,0,0,0,0,0,0,0,0,0,0,0
"67fb19fc-61ad-4955-91f6-f7fd2a5c8090","Thana","CHAR FASSON","চরফ্যাশন","35",false,"division=1&district=3&thana=35","",0,0,0,0,0,0,0,0,0,0,0,0,0,0,0,0,0,0,0,0,0,0,0,0
"5d036f01-2cab-4e1e-8de6-d507797708a4","Thana","DAULAT KHAN","দৌলত খান","36",false,"division=1&district=3&thana=36","",0,0,0,0,0,0,0,0,0,0,0,0,0,0,0,0,0,0,0,0,0,0,0,0
"da94e2af-3cb3-40d2-88ef-ade05e725288","Thana","LALMOHAN","লালমোহন","37",false,"division=1&district=3&thana=37","",0,0,0,0,0,0,0,0,0,0,0,0,0,0,0,0,0,0,0,0,0,0,0,0
"a304c3f9-f932-4954-95b3-27180d471eb2","Thana","MANPURA","মনপুরা","38",false,"division=1&district=3&thana=38","",0,0,0,0,0,0,0,0,0,0,0,0,0,0,0,0,0,0,0,0,0,0,0,0
"062c9ef7-4e37-4619-84a3-435e18aa1045","Thana","TAZUMUDDIN","তজুমুদ্দিন","39",false,"division=1&district=3&thana=39","",0,0,0,0,0,0,0,0,0,0,0,0,0,0,0,0,0,0,0,0,0,0,0,0
"37cea9f1-8913-4dce-8270-028cd8ea16f9","Thana","JHALOKATI SADAR","ঝালকাঠী সদর","250",false,"division=1&district=4&thana=250","",0,0,0,0,0,0,0,0,0,0,0,0,0,0,0,0,0,0,0,0,0,0,0,0
"376d1fec-4b3e-4d3d-8bb9-180312b0e451","Thana","KANTHALIA","কাঠালিয়া","251",false,"division=1&district=4&thana=251","",0,0,0,0,0,0,0,0,0,0,0,0,0,0,0,0,0,0,0,0,0,0,0,0
"6cb42b52-eb26-4b03-82f6-fb15ee509c74","Thana","NALCHITY","নলছিটি","252",false,"division=1&district=4&thana=252","",0,0,0,0,0,0,0,0,0,0,0,0,0,0,0,0,0,0,0,0,0,0,0,0
"813492b4-b67b-4767-863e-37cee06ed7be","Thana","RAJAPUR","রাজাপুর","253",false,"division=1&district=4&thana=253","",0,0,0,0,0,0,0,0,0,0,0,0,0,0,0,0,0,0,0,0,0,0,0,0
"b6f57e70-3a9a-4f8b-a340-1a2ea3a7c3cb","Thana","BAUPHAL","বাউফল","440",false,"division=1&district=5&thana=440","",0,0,0,0,0,0,0,0,0,0,0,0,0,0,0,0,0,0,0,0,0,0,0,0
"6ea3c310-f824-4855-973f-083eb10fdd6f","Thana","DASHMINA","দশমিনা","441",false,"division=1&district=5&thana=441","",0,0,0,0,0,0,0,0,0,0,0,0,0,0,0,0,0,0,0,0,0,0,0,0
"5d2dd887-20cf-4ac5-a968-2aeb76dc6e62","Thana","DUMKI","দুম্‌কী","442",false,"division=1&district=5&thana=442","",0,0,0,0,0,0,0,0,0,0,0,0,0,0,0,0,0,0,0,0,0,0,0,0
"09b19c44-4bf3-4864-a811-31f783f58627","Thana","GALACHIPA","গলাচিপা","443",false,"division=1&district=5&thana=443","",0,0,0,0,0,0,0,0,0,0,0,0,0,0,0,0,0,0,0,0,0,0,0,0
"801d28d6-e03d-4bf1-a9e7-f9523ef8137c","Thana","KALAPARA","কলাপাড়া","444",false,"division=1&district=5&thana=444","",0,0,0,0,0,0,0,0,0,0,0,0,0,0,0,0,0,0,0,0,0,0,0,0
"616d1ca2-f8c6-4c1b-9b79-87c61bff5f42","Thana","MIRZAGANJ","মির্জাগঞ্জ","445",false,"division=1&district=5&thana=445","",0,0,0,0,0,0,0,0,0,0,0,0,0,0,0,0,0,0,0,0,0,0,0,0
"ba798176-872b-41fb-a6d1-ad0333193913","Thana","PATUAKHALI SADAR","পটুয়াথালী সদর","446",false,"division=1&district=5&thana=446","",0,0,0,0,0,0,0,0,0,0,0,0,0,0,0,0,0,0,0,0,0,0,0,0
"e4dcc2db-3012-4a4b-a3bd-4de3beb7d02a","Thana","RANGABALI","রাঙ্গাবালী","447",false,"division=1&district=5&thana=447","",0,0,0,0,0,0,0,0,0,0,0,0,0,0,0,0,0,0,0,0,0,0,0,0
"7b433399-c64d-43df-9735-21acdce5990e","Thana","BHANDARIA","ভান্ডারিয়া","448",false,"division=1&district=6&thana=448","",0,0,0,0,0,0,0,0,0,0,0,0,0,0,0,0,0,0,0,0,0,0,0,0
"de038c42-9ee8-4ba9-b4e4-007c2a94b73c","Thana","KAWKHALI","কাউখালী","449",false,"division=1&district=6&thana=449","",0,0,0,0,0,0,0,0,0,0,0,0,0,0,0,0,0,0,0,0,0,0,0,0
"e7e4cedc-a0b4-4952-9d53-5ed0a9c5ee43","Thana","MATHBARIA","মঠবাড়ীয়া","450",false,"division=1&district=6&thana=450","",0,0,0,0,0,0,0,0,0,0,0,0,0,0,0,0,0,0,0,0,0,0,0,0
"b73fb599-6c31-42e5-b56f-482babb5a4a0","Thana","NAZIRPUR","নাজিরপুর","451",false,"division=1&district=6&thana=451","",0,0,0,0,0,0,0,0,0,0,0,0,0,0,0,0,0,0,0,0,0,0,0,0
"70f893cb-3679-4a89-8e22-2581588dc4d0","Thana","PIROJPUR SADAR","পিরোজপুর সদর","452",false,"division=1&district=6&thana=452","",0,0,0,0,0,0,0,0,0,0,0,0,0,0,0,0,0,0,0,0,0,0,0,0
"2ece7c6e-7c25-474b-883b-2313b360911f","Thana","NESARABAD (SWARUPKATI)","নেছারাবাদ(স্বরূপকাঠী)","453",false,"division=1&district=6&thana=453","",0,0,0,0,0,0,0,0,0,0,0,0,0,0,0,0,0,0,0,0,0,0,0,0
"fadff09e-d32e-4072-a619-5196cf03a683","Thana","ZIANAGAR","জিয়ানগর","454",false,"division=1&district=6&thana=454","",0,0,0,0,0,0,0,0,0,0,0,0,0,0,0,0,0,0,0,0,0,0,0,0
"ecaa4945-5ff2-48da-ac1c-aed0b6badf1d","Thana","ALIKADAM","আলীকদম","10",false,"division=2&district=7&thana=10","",0,0,0,0,0,0,0,0,0,0,0,0,0,0,0,0,0,0,0,0,0,0,0,0
"f55835e4-6311-4daa-99bc-9ccca3c44c73","Thana","BANDARBAN SADAR","বান্দরবান সদর","11",false,"division=2&district=7&thana=11","",0,0,0,0,0,0,0,0,0,0,0,0,0,0,0,0,0,0,0,0,0,0,0,0
"51c2d537-3177-4384-a93e-163973fb1be2","Thana","LAMA","লামা","12",false,"division=2&district=7&thana=12","",0,0,0,0,0,0,0,0,0,0,0,0,0,0,0,0,0,0,0,0,0,0,0,0
"f84ae8d0-201a-4003-af65-05e4d873873a","Thana","NAIKHONGCHHARI","নাইক্ষ্যংছড়ি","13",false,"division=2&district=7&thana=13","",0,0,0,0,0,0,0,0,0,0,0,0,0,0,0,0,0,0,0,0,0,0,0,0
"a391360e-9ca4-4e49-91ed-a2c7e4d7695f","Thana","ROWANGCHHARI","রোয়াংছড়ি","14",false,"division=2&district=7&thana=14","",0,0,0,0,0,0,0,0,0,0,0,0,0,0,0,0,0,0,0,0,0,0,0,0
"1cbdee32-898e-4625-93ba-f94322faa908","Thana","RUMA","রুমা","15",false,"division=2&district=7&thana=15","",0,0,0,0,0,0,0,0,0,0,0,0,0,0,0,0,0,0,0,0,0,0,0,0
"5efa6d05-e23b-4fa4-a903-0b119bb6562a","Thana","THANCHI","থান্‌চি","16",false,"division=2&district=7&thana=16","",0,0,0,0,0,0,0,0,0,0,0,0,0,0,0,0,0,0,0,0,0,0,0,0
"6f288d14-aae1-4c2e-af30-8c9383068663","Thana","AKHAURA","আখাউড়া","52",false,"division=2&district=8&thana=52","",0,0,0,0,0,0,0,0,0,0,0,0,0,0,0,0,0,0,0,0,0,0,0,0
"5ef947a5-df17-487f-b9ea-b749ca7c3016","Thana","BANCHHARAMPUR","বাঞ্ছারামপুর","53",false,"division=2&district=8&thana=53","",0,0,0,0,0,0,0,0,0,0,0,0,0,0,0,0,0,0,0,0,0,0,0,0
"8ebf1fd9-846b-4b82-96af-6bb33330e437","Thana","BIJOYNAGAR","বিজয়নগর","54",false,"division=2&district=8&thana=54","",0,0,0,0,0,0,0,0,0,0,0,0,0,0,0,0,0,0,0,0,0,0,0,0
"a3564f0a-bf52-4055-855d-513af019a07b","Thana","BRAHMANBARIA SADAR","ব্রাক্ষ্মণবাড়িয়া সদর","55",false,"division=2&district=8&thana=55","",0,0,0,0,0,0,0,0,0,0,0,0,0,0,0,0,0,0,0,0,0,0,0,0
"26c1dfa1-6976-4681-b29e-b443f84cd589","Thana","ASHUGANJ","আশুগঞ্জ","56",false,"division=2&district=8&thana=56","",0,0,0,0,0,0,0,0,0,0,0,0,0,0,0,0,0,0,0,0,0,0,0,0
"73376e14-7f12-483f-98bd-a5c807fb3b5b","Thana","KASBA","কস্‌বা","57",false,"division=2&district=8&thana=57","",0,0,0,0,0,0,0,0,0,0,0,0,0,0,0,0,0,0,0,0,0,0,0,0
"a7d35488-9ce5-44aa-b9d4-971a84f8eeae","Thana","NABINAGAR","নবীনগর","58",false,"division=2&district=8&thana=58","",0,0,0,0,0,0,0,0,0,0,0,0,0,0,0,0,0,0,0,0,0,0,0,0
"c7bb28f2-9e53-4d34-8edb-c50c8f9bd48e","Thana","NASIRNAGAR","নাসিরনগর","59",false,"division=2&district=8&thana=59","",0,0,0,0,0,0,0,0,0,0,0,0,0,0,0,0,0,0,0,0,0,0,0,0
"4a5fa09e-0151-4f03-aef3-2c5dd2638b3e","Thana","SARAIL","সরাইল","60",false,"division=2&district=8&thana=60","",0,0,0,0,0,0,0,0,0,0,0,0,0,0,0,0,0,0,0,0,0,0,0,0
"1ed2f948-2bdf-4081-bfa7-ca5b96d966bc","Thana","CHANDPUR SADAR","চাঁদপুর সদর","61",false,"division=2&district=9&thana=61","",0,0,0,0,0,0,0,0,0,0,0,0,0,0,0,0,0,0,0,0,0,0,0,0
"869f7fa4-0857-43a1-9df8-1f1e1457810c","Thana","FARIDGANJ","ফরিদগঞ্জ","62",false,"division=2&district=9&thana=62","",0,0,0,0,0,0,0,0,0,0,0,0,0,0,0,0,0,0,0,0,0,0,0,0
"68dad67f-4cb8-4c79-ba2a-c28f0c18a12f","Thana","HAIM CHAR","হাইমচর","63",false,"division=2&district=9&thana=63","",0,0,0,0,0,0,0,0,0,0,0,0,0,0,0,0,0,0,0,0,0,0,0,0
"7ffa5277-c1ab-48b8-b23f-e621b28279b8","Thana","HAJIGANJ","হাজীগঞ্জ","64",false,"division=2&district=9&thana=64","",0,0,0,0,0,0,0,0,0,0,0,0,0,0,0,0,0,0,0,0,0,0,0,0
"4d167afa-7798-426a-85cf-d4b2e1e847ef","Thana","KACHUA","কচুয়া","65",false,"division=2&district=9&thana=65","",0,0,0,0,0,0,0,0,0,0,0,0,0,0,0,0,0,0,0,0,0,0,0,0
"c73745ae-1026-4668-ab6c-db9867ba4495","Thana","MATLAB DAKSHIN","মতলব দক্ষিণ","66",false,"division=2&district=9&thana=66","",0,0,0,0,0,0,0,0,0,0,0,0,0,0,0,0,0,0,0,0,0,0,0,0
"67a65ef6-36b0-4d2d-9ad0-c8689c47162c","Thana","MATLAB UTTAR","মতলব উত্তর","67",false,"division=2&district=9&thana=67","",0,0,0,0,0,0,0,0,0,0,0,0,0,0,0,0,0,0,0,0,0,0,0,0
"db288d15-7456-4dc4-bcb8-cecc4f7afe7c","Thana","SHAHRASTI","শাহরাস্তি","68",false,"division=2&district=9&thana=68","",0,0,0,0,0,0,0,0,0,0,0,0,0,0,0,0,0,0,0,0,0,0,0,0
"74cf1258-3b61-4a67-b0a2-7aacbb360210","Thana","ANOWARA","আনোয়ারা","69",false,"division=2&district=10&thana=69","",0,0,0,0,0,0,0,0,0,0,0,0,0,0,0,0,0,0,0,0,0,0,0,0
"424565ce-41d1-4627-ae5c-6363a50b7bd7","Thana","BAYEJID BOSTAMI","বায়জিদ বোস্তামী","70",false,"division=2&district=10&thana=70","",0,0,0,0,0,0,0,0,0,0,0,0,0,0,0,0,0,0,0,0,0,0,0,0
"2bc56e6d-01c1-4e4c-b058-cb37819aef68","Thana","BANSHKHALI","বাঁশখালী","71",false,"division=2&district=10&thana=71","",0,0,0,0,0,0,0,0,0,0,0,0,0,0,0,0,0,0,0,0,0,0,0,0
"07b78826-ff82-4d35-86d5-20857548d510","Thana","BAKALIA","বাকলীয়া","72",false,"division=2&district=10&thana=72","",0,0,0,0,0,0,0,0,0,0,0,0,0,0,0,0,0,0,0,0,0,0,0,0
"aad1a16a-2707-41e8-8bbb-dc6ee79244c7","Thana","BOALKHALI","বোয়ালখালী","73",false,"division=2&district=10&thana=73","",0,0,0,0,0,0,0,0,0,0,0,0,0,0,0,0,0,0,0,0,0,0,0,0
"959a5154-9f3e-45ce-b656-344fd7291512","Thana","CHANDANAISH","চন্দনাইশ","74",false,"division=2&district=10&thana=74","",0,0,0,0,0,0,0,0,0,0,0,0,0,0,0,0,0,0,0,0,0,0,0,0
"2bba711b-5a8b-43aa-b4c2-56ada5be9e26","Thana","CHANDGAON","চাঁদগাও","75",false,"division=2&district=10&thana=75","",0,0,0,0,0,0,0,0,0,0,0,0,0,0,0,0,0,0,0,0,0,0,0,0
"797f7452-d943-4ef8-a707-7ca901ea5274","Thana","CHITTAGONG PORT","চট্টগ্রাম পোর্ট","76",false,"division=2&district=10&thana=76","",0,0,0,0,0,0,0,0,0,0,0,0,0,0,0,0,0,0,0,0,0,0,0,0
"6ff0aac1-aa92-4377-9d28-3e579efddc86","Thana","DOUBLE MOORING","ডবলমুরিং","77",false,"division=2&district=10&thana=77","",0,0,0,0,0,0,0,0,0,0,0,0,0,0,0,0,0,0,0,0,0,0,0,0
"3ee23483-096b-4d3b-8c0e-b533ea862771","Thana","KARNAFULI (POLICE STATION)","কর্ণফুলী (পুলিশ ষ্টেশন)","78",false,"division=2&district=10&thana=78","",0,0,0,0,0,0,0,0,0,0,0,0,0,0,0,0,0,0,0,0,0,0,0,0
"d3790307-dea2-48e1-af71-5872d2a6a877","Thana","FATIKCHHARI","ফটিকছড়ি","79",false,"division=2&district=10&thana=79","",0,0,0,0,0,0,0,0,0,0,0,0,0,0,0,0,0,0,0,0,0,0,0,0
"a9633e00-1c34-4db6-93ff-1203d3e272e6","Thana","HALISHAHAR","হালিশহর","80",false,"division=2&district=10&thana=80","",0,0,0,0,0,0,0,0,0,0,0,0,0,0,0,0,0,0,0,0,0,0,0,0
"9bb108a4-a692-4c58-81cb-6f73e7ab3a21","Thana","HATHAZARI","হাটহাজারী","81",false,"division=2&district=10&thana=81","",0,0,0,0,0,0,0,0,0,0,0,0,0,0,0,0,0,0,0,0,0,0,0,0
"3f42c562-712e-449d-9108-20276bb80de0","Thana","KOTWALI","কোতয়ালী","82",false,"division=2&district=10&thana=82","",0,0,0,0,0,0,0,0,0,0,0,0,0,0,0,0,0,0,0,0,0,0,0,0
"e4bb2cd7-b0ab-4112-840c-da23ce25c5ff","Thana","KHULSHI","খুল্‌শী","83",false,"division=2&district=10&thana=83","",0,0,0,0,0,0,0,0,0,0,0,0,0,0,0,0,0,0,0,0,0,0,0,0
"5cfcb124-821e-4f75-b5cf-854fbea0f738","Thana","LOHAGARA","লোহাগড়া","84",false,"division=2&district=10&thana=84","",0,0,0,0,0,0,0,0,0,0,0,0,0,0,0,0,0,0,0,0,0,0,0,0
"0ffecc3e-bc8a-40d7-93f4-5348ba24e6a1","Thana","MIRSHARAI","মিরশরাই","85",false,"division=2&district=10&thana=85","",0,0,0,0,0,0,0,0,0,0,0,0,0,0,0,0,0,0,0,0,0,0,0,0
"e8884f72-781b-4649-800f-6a9223d3201f","Thana","PAHARTALI","পাহাড়তলী","86",false,"division=2&district=10&thana=86","",0,0,0,0,0,0,0,0,0,0,0,0,0,0,0,0,0,0,0,0,0,0,0,0
"cfd42beb-0578-4bc5-bdf2-4e3688a2653e","Thana","PANCHLAISH","পাঁচলাইশ","87",false,"division=2&district=10&thana=87","",0,0,0,0,0,0,0,0,0,0,0,0,0,0,0,0,0,0,0,0,0,0,0,0
"bc22818a-13a3-4b14-bbb9-573980d6c82b","Thana","PATIYA","পটিয়া","88",false,"division=2&district=10&thana=88","",0,0,0,0,0,0,0,0,0,0,0,0,0,0,0,0,0,0,0,0,0,0,0,0
"5bc7ee11-1667-4ee3-8862-90d60cad8b90","Thana","PATENGA","পতেঙ্গা","89",false,"division=2&district=10&thana=89","",0,0,0,0,0,0,0,0,0,0,0,0,0,0,0,0,0,0,0,0,0,0,0,0
"7e7512a0-74c4-4f05-877e-6494804cf813","Thana","RANGUNIA","রাংগুনীয়া","90",false,"division=2&district=10&thana=90","",0,0,0,0,0,0,0,0,0,0,0,0,0,0,0,0,0,0,0,0,0,0,0,0
"6a932840-3eda-4ffd-bed5-9ad2a13e4ede","Thana","RAOZAN","রাউজান","91",false,"division=2&district=10&thana=91","",0,0,0,0,0,0,0,0,0,0,0,0,0,0,0,0,0,0,0,0,0,0,0,0
"c1e3127a-e2fd-4e56-b620-6be58032d3ee","Thana","SANDWIP","সন্দ্বীপ","92",false,"division=2&district=10&thana=92","",0,0,0,0,0,0,0,0,0,0,0,0,0,0,0,0,0,0,0,0,0,0,0,0
"06439bea-b125-45fc-b8c0-8ed0f3624a43","Thana","SATKANIA","সাতকানিয়া","93",false,"division=2&district=10&thana=93","",0,0,0,0,0,0,0,0,0,0,0,0,0,0,0,0,0,0,0,0,0,0,0,0
"4595f546-c1bd-44be-a625-12072d23e30a","Thana","SITAKUNDA","সীতাকুন্ড","94",false,"division=2&district=10&thana=94","",0,0,0,0,0,0,0,0,0,0,0,0,0,0,0,0,0,0,0,0,0,0,0,0
"fd6ba921-5381-4ec9-a61a-f0689a9b0563","Thana","BARURA","বরুড়া","99",false,"division=2&district=11&thana=99","",0,0,0,0,0,0,0,0,0,0,0,0,0,0,0,0,0,0,0,0,0,0,0,0
"280b52d6-896f-425d-9589-d2cf30207f78","Thana","BRAHMAN PARA","ব্রাক্ষ্মণ পাড়া","100",false,"division=2&district=11&thana=100","",0,0,0,0,0,0,0,0,0,0,0,0,0,0,0,0,0,0,0,0,0,0,0,0
"cca2d3a7-fd00-43e9-b601-9461df9f0043","Thana","BURICHANG","বুড়িচং","101",false,"division=2&district=11&thana=101","",0,0,0,0,0,0,0,0,0,0,0,0,0,0,0,0,0,0,0,0,0,0,0,0
"06021aef-2204-48ca-bfcf-92efe3ddd526","Thana","CHANDINA","চন্দিনা","102",false,"division=2&district=11&thana=102","",0,0,0,0,0,0,0,0,0,0,0,0,0,0,0,0,0,0,0,0,0,0,0,0
"e06265fb-6437-4a02-9073-55bea790a0bf","Thana","CHAUDDAGRAM","চৌদ্দগ্রাম","103",false,"division=2&district=11&thana=103","",0,0,0,0,0,0,0,0,0,0,0,0,0,0,0,0,0,0,0,0,0,0,0,0
"2aa43496-c35c-4a45-8b85-4dd7a3bf04c5","Thana","COMILLA SADAR DAKSHIN","কুমিল্লা সদর দক্ষিণ","104",false,"division=2&district=11&thana=104","",0,0,0,0,0,0,0,0,0,0,0,0,0,0,0,0,0,0,0,0,0,0,0,0
"06e85ae3-492e-461b-b7d2-78695d4e77f5","Thana","DAUDKANDI","দাউদকান্দি","105",false,"division=2&district=11&thana=105","",0,0,0,0,0,0,0,0,0,0,0,0,0,0,0,0,0,0,0,0,0,0,0,0
"0eda35a3-9b26-491a-be28-2de090b25208","Thana","DEBIDWAR","দেবিদ্বার","106",false,"division=2&district=11&thana=106","",0,0,0,0,0,0,0,0,0,0,0,0,0,0,0,0,0,0,0,0,0,0,0,0
"5eecec6d-55ef-4e73-a563-718e61a1d690","Thana","HOMNA","হোমনা","107",false,"division=2&district=11&thana=107","",0,0,0,0,0,0,0,0,0,0,0,0,0,0,0,0,0,0,0,0,0,0,0,0
"94cfe59a-1768-4895-b4fb-92a8b3c97ff7","Thana","COMILLA ADARSHA SADAR","কুমিল্লা আদর্শ সদর","108",false,"division=2&district=11&thana=108","",0,0,0,0,0,0,0,0,0,0,0,0,0,0,0,0,0,0,0,0,0,0,0,0
"41f5ee8a-c083-4893-9cbd-c26b397814e1","Thana","LAKSAM","লাকসাম","109",false,"division=2&district=11&thana=109","",0,0,0,0,0,0,0,0,0,0,0,0,0,0,0,0,0,0,0,0,0,0,0,0
"e8c51707-6549-44be-b98d-da9194be4ba0","Thana","MANOHARGANJ","মনোহরগঞ্জ","110",false,"division=2&district=11&thana=110","",0,0,0,0,0,0,0,0,0,0,0,0,0,0,0,0,0,0,0,0,0,0,0,0
"e90d65de-36c9-494d-b319-f9c76532e995","Thana","MEGHNA","মেঘনা","111",false,"division=2&district=11&thana=111","",0,0,0,0,0,0,0,0,0,0,0,0,0,0,0,0,0,0,0,0,0,0,0,0
"d23d0f99-6a0a-49f5-8cac-69dab9ddce08","Thana","MURADNAGAR","মুরাদনগর","112",false,"division=2&district=11&thana=112","",0,0,0,0,0,0,0,0,0,0,0,0,0,0,0,0,0,0,0,0,0,0,0,0
"6a38753e-4da6-4e5a-9226-7c4a4f38fe41","Thana","NANGALKOT","নাঙ্গলকোট","113",false,"division=2&district=11&thana=113","",0,0,0,0,0,0,0,0,0,0,0,0,0,0,0,0,0,0,0,0,0,0,0,0
"789f148c-62af-4445-9f37-25e205ec4531","Thana","TITAS","তিতাস","114",false,"division=2&district=11&thana=114","",0,0,0,0,0,0,0,0,0,0,0,0,0,0,0,0,0,0,0,0,0,0,0,0
"d2f270cb-5b9e-49b9-a6c6-3e866046c62e","Thana","CHAKARIA","চকরিয়া","115",false,"division=2&district=12&thana=115","",0,0,0,0,0,0,0,0,0,0,0,0,0,0,0,0,0,0,0,0,0,0,0,0
"32eb6202-d91f-45ae-863a-d39090d08095","Thana","COX'S BAZAR SADAR","কক্সবাজার সদর","116",false,"division=2&district=12&thana=116","",0,0,0,0,0,0,0,0,0,0,0,0,0,0,0,0,0,0,0,0,0,0,0,0
"c4a14a30-275a-487d-a3cb-2e6585df9d16","Thana","KUTUBDIA","কুতুবদিয়া","117",false,"division=2&district=12&thana=117","",0,0,0,0,0,0,0,0,0,0,0,0,0,0,0,0,0,0,0,0,0,0,0,0
"6a210d7d-3cd9-44ae-a2c5-b4a0a4b62707","Thana","MAHESHKHALI","মহেশখালী","118",false,"division=2&district=12&thana=118","",0,0,0,0,0,0,0,0,0,0,0,0,0,0,0,0,0,0,0,0,0,0,0,0
"b8ba1f63-8814-4bf5-8e07-184e4f030fa1","Thana","PEKUA","পেকুয়া","119",false,"division=2&district=12&thana=119","",0,0,0,0,0,0,0,0,0,0,0,0,0,0,0,0,0,0,0,0,0,0,0,0
"e996c041-eb45-47d5-a74d-c3a6e1c37d73","Thana","RAMU","রামু","120",false,"division=2&district=12&thana=120","",0,0,0,0,0,0,0,0,0,0,0,0,0,0,0,0,0,0,0,0,0,0,0,0
"4c823824-439b-4a67-a929-3f05b03fecd1","Thana","TEKNAF","টেক্‌নাফ","121",false,"division=2&district=12&thana=121","",0,0,0,0,0,0,0,0,0,0,0,0,0,0,0,0,0,0,0,0,0,0,0,0
"cf70926c-87db-4bd2-a158-09507036d05d","Thana","UKHIA","উখিয়া","122",false,"division=2&district=12&thana=122","",0,0,0,0,0,0,0,0,0,0,0,0,0,0,0,0,0,0,0,0,0,0,0,0
"798c5f77-c5fd-48c5-a618-61d744f66733","Thana","CHHAGALNAIYA","ছাগলনাইয়া","199",false,"division=2&district=13&thana=199","",0,0,0,0,0,0,0,0,0,0,0,0,0,0,0,0,0,0,0,0,0,0,0,0
"05669cc8-7289-4a4c-9d4f-e3b99d2a3c42","Thana","DAGANBHUIYAN","দাগনভূঁঞা","200",false,"division=2&district=13&thana=200","",0,0,0,0,0,0,0,0,0,0,0,0,0,0,0,0,0,0,0,0,0,0,0,0
"304d9815-39bf-4121-af03-45900cf815f8","Thana","FENI SADAR","ফেনী সদর","201",false,"division=2&district=13&thana=201","",0,0,0,0,0,0,0,0,0,0,0,0,0,0,0,0,0,0,0,0,0,0,0,0
"86003520-a700-4a32-b72e-f0744254794b","Thana","FULGAZI","ফুলগাজী","202",false,"division=2&district=13&thana=202","",0,0,0,0,0,0,0,0,0,0,0,0,0,0,0,0,0,0,0,0,0,0,0,0
"c5cb9406-4294-468a-b65d-25ae98c52fba","Thana","PARSHURAM","পরশুরাম","203",false,"division=2&district=13&thana=203","",0,0,0,0,0,0,0,0,0,0,0,0,0,0,0,0,0,0,0,0,0,0,0,0
"fbcd384c-dd6e-4685-9c29-75e91d4992c5","Thana","SONAGAZI","সোনাগাজী","204",false,"division=2&district=13&thana=204","",0,0,0,0,0,0,0,0,0,0,0,0,0,0,0,0,0,0,0,0,0,0,0,0
"44fde138-a2a1-454c-b51f-8d254afdfc1f","Thana","DIGHINALA","দিঘিনালা","260",false,"division=2&district=14&thana=260","",0,0,0,0,0,0,0,0,0,0,0,0,0,0,0,0,0,0,0,0,0,0,0,0
"4938d034-d1ae-4a5b-aa37-32ca63b464ab","Thana","KHAGRACHHARI SADAR","খাগরাছড়ি সদর","261",false,"division=2&district=14&thana=261","",0,0,0,0,0,0,0,0,0,0,0,0,0,0,0,0,0,0,0,0,0,0,0,0
"ea2d3891-637c-46dc-932c-b180d5e4c922","Thana","LAKSHMICHHARI","লক্ষীছড়ি","262",false,"division=2&district=14&thana=262","",0,0,0,0,0,0,0,0,0,0,0,0,0,0,0,0,0,0,0,0,0,0,0,0
"d6bf6af3-fa9b-44cd-be41-e7a193838e79","Thana","MAHALCHHARI","মহালছড়ি","263",false,"division=2&district=14&thana=263","",0,0,0,0,0,0,0,0,0,0,0,0,0,0,0,0,0,0,0,0,0,0,0,0
"c7cff4d5-ff1a-4348-a99c-2b7743dfed75","Thana","MANIKCHHARI","মানিকছড়ি","264",false,"division=2&district=14&thana=264","",0,0,0,0,0,0,0,0,0,0,0,0,0,0,0,0,0,0,0,0,0,0,0,0
"e9e87797-f7c5-4646-9b49-e01b8b096508","Thana","MATIRANGA","মাটিরাংগা","265",false,"division=2&district=14&thana=265","",0,0,0,0,0,0,0,0,0,0,0,0,0,0,0,0,0,0,0,0,0,0,0,0
"2f91971c-98fb-4cd4-9867-fe4f8e7e48c6","Thana","PANCHHARI","পানছড়ি","266",false,"division=2&district=14&thana=266","",0,0,0,0,0,0,0,0,0,0,0,0,0,0,0,0,0,0,0,0,0,0,0,0
"d736746b-d8f6-45b9-bf07-245a114aff0c","Thana","RAMGARH","রামগর","267",false,"division=2&district=14&thana=267","",0,0,0,0,0,0,0,0,0,0,0,0,0,0,0,0,0,0,0,0,0,0,0,0
"16b7b01b-0ff4-4017-8438-4179d2174110","Thana","KAMALNAGAR","কমলনগর","310",false,"division=2&district=15&thana=310","",0,0,0,0,0,0,0,0,0,0,0,0,0,0,0,0,0,0,0,0,0,0,0,0
"d105b000-0d99-4f7d-9032-04ec455a053a","Thana","LAKSHMIPUR SADAR","লক্ষ্ণীপুর সদর","311",false,"division=2&district=15&thana=311","",0,0,0,0,0,0,0,0,0,0,0,0,0,0,0,0,0,0,0,0,0,0,0,0
"26c296cc-d9af-4703-b9a2-6203e1a96f16","Thana","ROYPUR","রায়পুর","312",false,"division=2&district=15&thana=312","",0,0,0,0,0,0,0,0,0,0,0,0,0,0,0,0,0,0,0,0,0,0,0,0
"c45cfa04-30bd-433c-802a-8c5217940f24","Thana","RAMGANJ","রামগঞ্জ","313",false,"division=2&district=15&thana=313","",0,0,0,0,0,0,0,0,0,0,0,0,0,0,0,0,0,0,0,0,0,0,0,0
"a985291c-6e28-457f-9064-7ca964e5e2dd","Thana","RAMGATI","রামগতী","314",false,"division=2&district=15&thana=314","",0,0,0,0,0,0,0,0,0,0,0,0,0,0,0,0,0,0,0,0,0,0,0,0
"fff977c3-6f0c-41cd-80ef-67e1591d8027","Thana","BEGUMGANJ","বেগমগঞ্জ","417",false,"division=2&district=16&thana=417","",0,0,0,0,0,0,0,0,0,0,0,0,0,0,0,0,0,0,0,0,0,0,0,0
"a45a3af7-4a89-43bc-a288-5debf0781edf","Thana","CHATKHIL","চাট্‌খিল","418",false,"division=2&district=16&thana=418","",0,0,0,0,0,0,0,0,0,0,0,0,0,0,0,0,0,0,0,0,0,0,0,0
"69e71255-3678-45d4-9adb-53a82e026acf","Thana","COMPANIGANJ","কোম্পানীগঞ্জ","419",false,"division=2&district=16&thana=419","",0,0,0,0,0,0,0,0,0,0,0,0,0,0,0,0,0,0,0,0,0,0,0,0
"d34ff868-9914-4a1f-a7b8-73ea4866eb8a","Thana","HATIYA","হাতিয়া","420",false,"division=2&district=16&thana=420","",0,0,0,0,0,0,0,0,0,0,0,0,0,0,0,0,0,0,0,0,0,0,0,0
"f19b6818-63c9-44ca-9a08-0ee8ff27606a","Thana","KABIRHAT","কবিরহাট","421",false,"division=2&district=16&thana=421","",0,0,0,0,0,0,0,0,0,0,0,0,0,0,0,0,0,0,0,0,0,0,0,0
"bd4dd7fb-f4da-4874-9c60-d9a710057e67","Thana","SENBAGH","সেনবাগ","422",false,"division=2&district=16&thana=422","",0,0,0,0,0,0,0,0,0,0,0,0,0,0,0,0,0,0,0,0,0,0,0,0
"3904796d-e741-4512-91bb-7eb2ea2b4b59","Thana","SONAIMURI","সোনাইমুড়ি","423",false,"division=2&district=16&thana=423","",0,0,0,0,0,0,0,0,0,0,0,0,0,0,0,0,0,0,0,0,0,0,0,0
"b3e838e3-ce65-4f39-8366-0f9afe95c28f","Thana","SUBARNACHAR","সুবর্ণচর","424",false,"division=2&district=16&thana=424","",0,0,0,0,0,0,0,0,0,0,0,0,0,0,0,0,0,0,0,0,0,0,0,0
"23cc2ce6-2927-49e9-89f4-4f11736562aa","Thana","NOAKHALI SADAR","নোয়াখালী সদর","425",false,"division=2&district=16&thana=425","",0,0,0,0,0,0,0,0,0,0,0,0,0,0,0,0,0,0,0,0,0,0,0,0
"f0b7a57e-6682-477b-a2c5-0a3d154ecc54","Thana","BAGHAICHHARI","বাঘাইছড়ি","473",false,"division=2&district=17&thana=473","",0,0,0,0,0,0,0,0,0,0,0,0,0,0,0,0,0,0,0,0,0,0,0,0
"70853e2a-6245-4a5d-a445-cc77e27a6cc7","Thana","BARKAL UPAZILA","বরকল","474",false,"division=2&district=17&thana=474","",0,0,0,0,0,0,0,0,0,0,0,0,0,0,0,0,0,0,0,0,0,0,0,0
"1133df9a-38e4-4fdd-98c2-c0756057b654","Thana","KAWKHALI (BETBUNIA)","কাউখালী","475",false,"division=2&district=17&thana=475","",0,0,0,0,0,0,0,0,0,0,0,0,0,0,0,0,0,0,0,0,0,0,0,0
"ca3d2646-af7d-495b-b61a-50484cb82909","Thana","BELAI CHHARI  UPAZI","বিলাইছড়ি","476",false,"division=2&district=17&thana=476","",0,0,0,0,0,0,0,0,0,0,0,0,0,0,0,0,0,0,0,0,0,0,0,0
"c21fe7ef-7a4a-4a2e-98c6-d5e119b6a986","Thana","KAPTAI  UPAZILA","কাপ্তাই","477",false,"division=2&district=17&thana=477","",0,0,0,0,0,0,0,0,0,0,0,0,0,0,0,0,0,0,0,0,0,0,0,0
"c6e6f6b4-4fec-4c34-a947-495b4c040298","Thana","JURAI CHHARI UPAZIL","জুরাইছড়ি","478",false,"division=2&district=17&thana=478","",0,0,0,0,0,0,0,0,0,0,0,0,0,0,0,0,0,0,0,0,0,0,0,0
"ccda865c-6e88-47fb-908f-12fec9220e38","Thana","LANGADU  UPAZILA","লংগদু","479",false,"division=2&district=17&thana=479","",0,0,0,0,0,0,0,0,0,0,0,0,0,0,0,0,0,0,0,0,0,0,0,0
"3da6001b-3516-46ba-b83e-91e986ca496a","Thana","NANIARCHAR  UPAZILA","নানিয়ারচর","480",false,"division=2&district=17&thana=480","",0,0,0,0,0,0,0,0,0,0,0,0,0,0,0,0,0,0,0,0,0,0,0,0
"3ac5df8b-8c40-4caa-9dae-d71f5cb5e64c","Thana","RAJASTHALI  UPAZILA","রাজস্থালী","481",false,"division=2&district=17&thana=481","",0,0,0,0,0,0,0,0,0,0,0,0,0,0,0,0,0,0,0,0,0,0,0,0
"eec40c3b-95cc-4c31-b0de-b99be2e8268a","Thana","RANGAMATI SADAR  UP","রাঙ্গামাটি সদর","482",false,"division=2&district=17&thana=482","",0,0,0,0,0,0,0,0,0,0,0,0,0,0,0,0,0,0,0,0,0,0,0,0
"c22a252b-ab90-40fa-9a1d-06388e772e70","Thana","ADABOR","আদাবর","123",false,"division=3&district=18&thana=123","",0,0,0,0,0,0,0,0,0,0,0,0,0,0,0,0,0,0,0,0,0,0,0,0
"a57f42e0-94b9-4d56-bcab-5226d2163285","Thana","BADDA","বাড্ডা","124",false,"division=3&district=18&thana=124","",0,0,0,0,0,0,0,0,0,0,0,0,0,0,0,0,0,0,0,0,0,0,0,0
"9b4409bf-9ea1-457f-b4ef-ea39d0d49146","Thana","BANGSHAL","বংশাল","125",false,"division=3&district=18&thana=125","",0,0,0,0,0,0,0,0,0,0,0,0,0,0,0,0,0,0,0,0,0,0,0,0
"ddf52e35-074b-4515-8e20-1d65b13efd87","Thana","BIMAN BANDAR","বিমান বন্দর","126",false,"division=3&district=18&thana=126","",0,0,0,0,0,0,0,0,0,0,0,0,0,0,0,0,0,0,0,0,0,0,0,0
"c6a4b88d-794d-48b8-a47d-04d6ce59ff22","Thana","BANANI","","127",false,"division=3&district=18&thana=127","",0,0,0,0,0,0,0,0,0,0,0,0,0,0,0,0,0,0,0,0,0,0,0,0
"2b3f5432-7aae-4b0a-af3c-87f053c166b1","Thana","CANTONMENT","ক্যান্টনমেন্ট","128",false,"division=3&district=18&thana=128","",0,0,0,0,0,0,0,0,0,0,0,0,0,0,0,0,0,0,0,0,0,0,0,0
"dd038504-f22d-453f-a0fe-f1e32fd8c93c","Thana","CHAK BAZAR","চক বাজার","129",false,"division=3&district=18&thana=129","",0,0,0,0,0,0,0,0,0,0,0,0,0,0,0,0,0,0,0,0,0,0,0,0
"c9be8959-3e75-4ade-8b52-8021bd23aaf9","Thana","DAKSHINKHAN","দক্ষিণখান","130",false,"division=3&district=18&thana=130","",0,0,0,0,0,0,0,0,0,0,0,0,0,0,0,0,0,0,0,0,0,0,0,0
"951fbd3d-d43a-428b-8847-f091c8a6a78a","Thana","DARUS SALAM","দারুস সালাম","131",false,"division=3&district=18&thana=131","",0,0,0,0,0,0,0,0,0,0,0,0,0,0,0,0,0,0,0,0,0,0,0,0
"9c6809cc-12e9-453e-8de2-97026244c6f4","Thana","DEMRA","ডেমরা","132",false,"division=3&district=18&thana=132","",0,0,0,0,0,0,0,0,0,0,0,0,0,0,0,0,0,0,0,0,0,0,0,0
"6ca9c3f2-0128-4147-8045-b6c65f3bef5b","Thana","DHANMONDI","ধানমন্ডি","133",false,"division=3&district=18&thana=133","",0,0,0,0,0,0,0,0,0,0,0,0,0,0,0,0,0,0,0,0,0,0,0,0
"facfcdf5-4577-47e3-88f6-dc23ba98b0ed","Thana","HAZARIBAGH","হাজারীবাগ","134",false,"division=3&district=18&thana=134","",0,0,0,0,0,0,0,0,0,0,0,0,0,0,0,0,0,0,0,0,0,0,0,0
"0fcbb3c6-4a33-4bd4-830a-185938b36f22","Thana","DHAMRAI","ধামরাই","135",false,"division=3&district=18&thana=135","",0,0,0,0,0,0,0,0,0,0,0,0,0,0,0,0,0,0,0,0,0,0,0,0
"ff8ed2c1-6a0a-42aa-8a14-748a83dd1bf5","Thana","DOHAR","দোহার","136",false,"division=3&district=18&thana=136","",0,0,0,0,0,0,0,0,0,0,0,0,0,0,0,0,0,0,0,0,0,0,0,0
"ef0f1c61-18d2-417a-8ff4-08ae51f83db3","Thana","BHASAN TEK","","137",false,"division=3&district=18&thana=137","",0,0,0,0,0,0,0,0,0,0,0,0,0,0,0,0,0,0,0,0,0,0,0,0
"45d7344b-e693-4bae-ba5d-184439c02bfa","Thana","BHATARA","","138",false,"division=3&district=18&thana=138","",0,0,0,0,0,0,0,0,0,0,0,0,0,0,0,0,0,0,0,0,0,0,0,0
"62f0bab5-c901-4dc4-a3cd-31c34c87028c","Thana","GENDARIA","গেন্ডারিয়া","139",false,"division=3&district=18&thana=139","",0,0,0,0,0,0,0,0,0,0,0,0,0,0,0,0,0,0,0,0,0,0,0,0
"e396cbec-7b38-49db-87b1-b447c23c1b69","Thana","GULSHAN","গুলশান","140",false,"division=3&district=18&thana=140","",0,0,0,0,0,0,0,0,0,0,0,0,0,0,0,0,0,0,0,0,0,0,0,0
"9b09469f-9542-4a7c-9769-7843157ab57e","Thana","JATRABARI","যাত্রাবাড়ী","141",false,"division=3&district=18&thana=141","",0,0,0,0,0,0,0,0,0,0,0,0,0,0,0,0,0,0,0,0,0,0,0,0
"ffdf4d70-af05-4e02-8e5e-5d282efed6fc","Thana","KAFRUL","কাফরুল","142",false,"division=3&district=18&thana=142","",0,0,0,0,0,0,0,0,0,0,0,0,0,0,0,0,0,0,0,0,0,0,0,0
"5b3930f2-de26-45cd-bdbe-9e222be02661","Thana","KADAMTALI","কদমতলী","143",false,"division=3&district=18&thana=143","",0,0,0,0,0,0,0,0,0,0,0,0,0,0,0,0,0,0,0,0,0,0,0,0
"41324cee-bb91-47a7-8cdc-26fcc567ff06","Thana","KALABAGAN","কলাবাগান","144",false,"division=3&district=18&thana=144","",0,0,0,0,0,0,0,0,0,0,0,0,0,0,0,0,0,0,0,0,0,0,0,0
"a34e9d1a-ba08-44d9-97c7-7cec2ba3dc79","Thana","KAMRANGIR CHAR","কামরাঙ্গীর চর","145",false,"division=3&district=18&thana=145","",0,0,0,0,0,0,0,0,0,0,0,0,0,0,0,0,0,0,0,0,0,0,0,0
"df21952a-bbad-4fd0-b88e-044f484317a8","Thana","KHILGAON","খিলগাও","146",false,"division=3&district=18&thana=146","",0,0,0,0,0,0,0,0,0,0,0,0,0,0,0,0,0,0,0,0,0,0,0,0
"4c9a20de-f020-484e-90c2-b60a8d377e1b","Thana","KHILKHET","খিলক্ষেত","147",false,"division=3&district=18&thana=147","",0,0,0,0,0,0,0,0,0,0,0,0,0,0,0,0,0,0,0,0,0,0,0,0
"70d933ce-f7e5-4f2b-9903-0521e2a31853","Thana","KERANIGANJ","কেরানীগঞ্জ","148",false,"division=3&district=18&thana=148","",0,0,0,0,0,0,0,0,0,0,0,0,0,0,0,0,0,0,0,0,0,0,0,0
"396c5fe4-17eb-48c7-9408-d0d974d7617c","Thana","KOTWALI","কোতয়ালী","149",false,"division=3&district=18&thana=149","",0,0,0,0,0,0,0,0,0,0,0,0,0,0,0,0,0,0,0,0,0,0,0,0
"516c96f2-4243-463c-8910-3ac21f5e5c44","Thana","LALBAGH","লালবাগ","150",false,"division=3&district=18&thana=150","",0,0,0,0,0,0,0,0,0,0,0,0,0,0,0,0,0,0,0,0,0,0,0,0
"62197583-9d52-45e2-8901-76b1bf14fb53","Thana","MOHAMMADPUR","মোহাম্মদপুর","151",false,"division=3&district=18&thana=151","",0,0,0,0,0,0,0,0,0,0,0,0,0,0,0,0,0,0,0,0,0,0,0,0
"1bf815b1-4d6d-4a81-ae3a-7f4f437067ac","Thana","RAMNA","রমনা","152",false,"division=3&district=18&thana=152","",0,0,0,0,0,0,0,0,0,0,0,0,0,0,0,0,0,0,0,0,0,0,0,0
"852824d0-ddc4-4d01-9347-3564f05a7a0c","Thana","MIRPUR","মিরপুর","153",false,"division=3&district=18&thana=153","",0,0,0,0,0,0,0,0,0,0,0,0,0,0,0,0,0,0,0,0,0,0,0,0
"344976b5-e2ec-4dc8-8c1a-e06daf17ce94","Thana","MOTIJHEEL","মতিঝিল","154",false,"division=3&district=18&thana=154","",0,0,0,0,0,0,0,0,0,0,0,0,0,0,0,0,0,0,0,0,0,0,0,0
"c4c55cf5-2114-482f-84d8-09727af301b2","Thana","MUGDA PARA","","155",false,"division=3&district=18&thana=155","",0,0,0,0,0,0,0,0,0,0,0,0,0,0,0,0,0,0,0,0,0,0,0,0
"79fc2a71-87f8-4131-aac0-7264b05d3f0b","Thana","NAWABGANJ","নবাবগঞ্জ","156",false,"division=3&district=18&thana=156","",0,0,0,0,0,0,0,0,0,0,0,0,0,0,0,0,0,0,0,0,0,0,0,0
"295fb9d1-eff1-4ac4-872f-acd10fd747df","Thana","NEW MARKET","নিউ মার্কেট","157",false,"division=3&district=18&thana=157","",0,0,0,0,0,0,0,0,0,0,0,0,0,0,0,0,0,0,0,0,0,0,0,0
"918c9be9-bebc-488b-a540-24c0add95ade","Thana","PALLABI","পল্লবী","158",false,"division=3&district=18&thana=158","",0,0,0,0,0,0,0,0,0,0,0,0,0,0,0,0,0,0,0,0,0,0,0,0
"e906c5b1-fbd0-4aa1-8007-18da143a4e25","Thana","PALTAN","পল্টন","159",false,"division=3&district=18&thana=159","",0,0,0,0,0,0,0,0,0,0,0,0,0,0,0,0,0,0,0,0,0,0,0,0
"1aa0adab-091b-4fe3-bf5c-b5361e8a0a06","Thana","RAMPURA","রামপুরা","160",false,"division=3&district=18&thana=160","",0,0,0,0,0,0,0,0,0,0,0,0,0,0,0,0,0,0,0,0,0,0,0,0
"02d687a5-d3af-4cc0-9e6a-43a5af8de3af","Thana","SABUJBAGH","সবুজবাগ","161",false,"division=3&district=18&thana=161","",0,0,0,0,0,0,0,0,0,0,0,0,0,0,0,0,0,0,0,0,0,0,0,0
"7518d93c-f46b-4f41-8fdc-80bff260990d","Thana","RUPNAGAR","","162",false,"division=3&district=18&thana=162","",0,0,0,0,0,0,0,0,0,0,0,0,0,0,0,0,0,0,0,0,0,0,0,0
"898adb65-4c27-4fb9-83f9-b936681c837a","Thana","SAVAR","সাভার","163",false,"division=3&district=18&thana=163","",0,0,0,0,0,0,0,0,0,0,0,0,0,0,0,0,0,0,0,0,0,0,0,0
"44a97f71-e238-4805-ad7b-4354eba38a23","Thana","SHAHJAHANPUR","","164",false,"division=3&district=18&thana=164","",0,0,0,0,0,0,0,0,0,0,0,0,0,0,0,0,0,0,0,0,0,0,0,0
"fb17e4dd-1cf7-49d4-a38d-ceb98dbbd5b9","Thana","SHAH ALI","শাহ্‌ আলী","165",false,"division=3&district=18&thana=165","",0,0,0,0,0,0,0,0,0,0,0,0,0,0,0,0,0,0,0,0,0,0,0,0
"7db823e6-9477-4f7a-a008-a37ae8f6ea63","Thana","SHAHBAGH","শাহবাগ","166",false,"division=3&district=18&thana=166","",0,0,0,0,0,0,0,0,0,0,0,0,0,0,0,0,0,0,0,0,0,0,0,0
"d58ad946-dff6-49be-9a23-535361b1e1ed","Thana","SHYAMPUR","শ্যামপুর","167",false,"division=3&district=18&thana=167","",0,0,0,0,0,0,0,0,0,0,0,0,0,0,0,0,0,0,0,0,0,0,0,0
"b0aba616-0e78-4d8b-97a1-91078b245b19","Thana","SHER-E-BANGLA NAGAR","শের-ই-বাংলা নগর","168",false,"division=3&district=18&thana=168","",0,0,0,0,0,0,0,0,0,0,0,0,0,0,0,0,0,0,0,0,0,0,0,0
"da1b80ae-db8d-4994-a5bc-957f9d2a4d34","Thana","SUTRAPUR","সুত্রাপুর","169",false,"division=3&district=18&thana=169","",0,0,0,0,0,0,0,0,0,0,0,0,0,0,0,0,0,0,0,0,0,0,0,0
"1efdbccb-4ce2-42ac-ac27-5f27e3f633a5","Thana","TEJGAON","তেজগাঁও","170",false,"division=3&district=18&thana=170","",0,0,0,0,0,0,0,0,0,0,0,0,0,0,0,0,0,0,0,0,0,0,0,0
"817499be-1655-41a3-8726-b82d8c8e6b8e","Thana","TEJGAON IND. AREA","তেজগাঁও শিল্প এলাকা","171",false,"division=3&district=18&thana=171","",0,0,0,0,0,0,0,0,0,0,0,0,0,0,0,0,0,0,0,0,0,0,0,0
"877fa05a-f93a-4c60-a273-ad668659daca","Thana","TURAG","তুরাগ","172",false,"division=3&district=18&thana=172","",0,0,0,0,0,0,0,0,0,0,0,0,0,0,0,0,0,0,0,0,0,0,0,0
"2248bec3-5263-4c61-9bf6-a4293f76ca21","Thana","UTTARA  PASCHIM","উত্তরা","173",false,"division=3&district=18&thana=173","",0,0,0,0,0,0,0,0,0,0,0,0,0,0,0,0,0,0,0,0,0,0,0,0
"99e5d227-933d-4f69-b8ac-e68884bf81fb","Thana","UTTARA  PURBA","","174",false,"division=3&district=18&thana=174","",0,0,0,0,0,0,0,0,0,0,0,0,0,0,0,0,0,0,0,0,0,0,0,0
"26dce83e-21ca-467e-a6ae-cf2514947535","Thana","UTTAR KHAN","উত্তর খান","175",false,"division=3&district=18&thana=175","",0,0,0,0,0,0,0,0,0,0,0,0,0,0,0,0,0,0,0,0,0,0,0,0
"fbd61f94-5cd3-4c7f-be0c-6c91a3fb45ca","Thana","WARI","","176",false,"division=3&district=18&thana=176","",0,0,0,0,0,0,0,0,0,0,0,0,0,0,0,0,0,0,0,0,0,0,0,0
"e7d4f36d-a55d-4d54-bc57-fd9a7c1cafa3","Thana","ALFADANGA","আল্‌ফাডাঙ্গা","190",false,"division=3&district=19&thana=190","",0,0,0,0,0,0,0,0,0,0,0,0,0,0,0,0,0,0,0,0,0,0,0,0
"72447d6f-221a-48c7-bbbe-5fd542be7df4","Thana","BHANGA","ভাংগা","191",false,"division=3&district=19&thana=191","",0,0,0,0,0,0,0,0,0,0,0,0,0,0,0,0,0,0,0,0,0,0,0,0
"7ca6c9a7-f909-4b7f-9308-792a8644bc0e","Thana","BOALMARI","বোয়ালমারী","192",false,"division=3&district=19&thana=192","",0,0,0,0,0,0,0,0,0,0,0,0,0,0,0,0,0,0,0,0,0,0,0,0
"fd854419-8ce2-4cf5-864d-aafa41fd9cc8","Thana","CHAR BHADRASAN","চর ভদ্রাশন","193",false,"division=3&district=19&thana=193","",0,0,0,0,0,0,0,0,0,0,0,0,0,0,0,0,0,0,0,0,0,0,0,0
"1a9a8a77-2112-4c05-b5e0-635d3d580127","Thana","FARIDPUR SADAR","ফরিদপুর সদর","194",false,"division=3&district=19&thana=194","",0,0,0,0,0,0,0,0,0,0,0,0,0,0,0,0,0,0,0,0,0,0,0,0
"5a0a4c27-50f6-4f9b-82a0-44dd1651a75e","Thana","MADHUKHALI","মধুখালী","195",false,"division=3&district=19&thana=195","",0,0,0,0,0,0,0,0,0,0,0,0,0,0,0,0,0,0,0,0,0,0,0,0
"f891909c-4749-4348-a3d8-03ed068a356e","Thana","NAGARKANDA","নগরকান্দা","196",false,"division=3&district=19&thana=196","",0,0,0,0,0,0,0,0,0,0,0,0,0,0,0,0,0,0,0,0,0,0,0,0
"cd7ab50f-9dab-448e-889e-4f0a4c9a7a6e","Thana","SADARPUR","সদরপুর","197",false,"division=3&district=19&thana=197","",0,0,0,0,0,0,0,0,0,0,0,0,0,0,0,0,0,0,0,0,0,0,0,0
"eb9fd28d-e0d9-4122-b552-88ead94ebfa0","Thana","SALTHA","সালথা","198",false,"division=3&district=19&thana=198","",0,0,0,0,0,0,0,0,0,0,0,0,0,0,0,0,0,0,0,0,0,0,0,0
"d500cdf9-c372-4f5a-b384-f83c5a0f6325","Thana","GAZIPUR SADAR","গাজীপুর সদর","212",false,"division=3&district=20&thana=212","",0,0,0,0,0,0,0,0,0,0,0,0,0,0,0,0,0,0,0,0,0,0,0,0
"04582817-9762-4348-b89a-538097c027d3","Thana","KALIAKAIR","কালিয়াকৈর","213",false,"division=3&district=20&thana=213","",0,0,0,0,0,0,0,0,0,0,0,0,0,0,0,0,0,0,0,0,0,0,0,0
"64fed024-d8d6-4507-b3bc-3b08a5c82b8c","Thana","KALIGANJ","কালিগঞ্জ","214",false,"division=3&district=20&thana=214","",0,0,0,0,0,0,0,0,0,0,0,0,0,0,0,0,0,0,0,0,0,0,0,0
"42ef5a6c-4852-4eff-b1e0-4486850b4368","Thana","KAPASIA","কাপাসিয়া","215",false,"division=3&district=20&thana=215","",0,0,0,0,0,0,0,0,0,0,0,0,0,0,0,0,0,0,0,0,0,0,0,0
"80269d2b-8b02-4bf1-b866-492be173e762","Thana","SREEPUR","শ্রীপুর","216",false,"division=3&district=20&thana=216","",0,0,0,0,0,0,0,0,0,0,0,0,0,0,0,0,0,0,0,0,0,0,0,0
"4a9a0d5c-c6be-4e3e-8dfc-88a7b3b8e611","Thana","GOPALGANJ SADAR","গোপালগঞ্জ সদর","217",false,"division=3&district=21&thana=217","",0,0,0,0,0,0,0,0,0,0,0,0,0,0,0,0,0,0,0,0,0,0,0,0
"4b185fce-473c-4949-ac9b-61e81d0b24bd","Thana","KASHIANI","কাশিয়ানী","218",false,"division=3&district=21&thana=218","",0,0,0,0,0,0,0,0,0,0,0,0,0,0,0,0,0,0,0,0,0,0,0,0
"e2f2f4c1-328f-4225-855a-e1b355fc2399","Thana","KOTALIPARA","কোটালিপাড়া","219",false,"division=3&district=21&thana=219","",0,0,0,0,0,0,0,0,0,0,0,0,0,0,0,0,0,0,0,0,0,0,0,0
"61d8b4b8-032c-4147-8b5a-0da6377b5ea0","Thana","MUKSUDPUR","মুকসুদপুর","220",false,"division=3&district=21&thana=220","",0,0,0,0,0,0,0,0,0,0,0,0,0,0,0,0,0,0,0,0,0,0,0,0
"1d4ea4cd-e5ce-4d43-8fb7-c2e681d70aef","Thana","TUNGIPARA","টংগীপাড়া","221",false,"division=3&district=21&thana=221","",0,0,0,0,0,0,0,0,0,0,0,0,0,0,0,0,0,0,0,0,0,0,0,0
"4a73b30c-6fe1-4d71-8f30-42d82896fe3d","Thana","AUSTAGRAM","অষ্টগ্রাম","282",false,"division=3&district=23&thana=282","",0,0,0,0,0,0,0,0,0,0,0,0,0,0,0,0,0,0,0,0,0,0,0,0
"81c41ad3-3b7d-42dc-833a-6776724a828f","Thana","BAJITPUR","বাজিতপুর","283",false,"division=3&district=23&thana=283","",0,0,0,0,0,0,0,0,0,0,0,0,0,0,0,0,0,0,0,0,0,0,0,0
"5d25e8a5-f767-4ea6-92c8-30ae77f451c3","Thana","BHAIRAB","ভৈরব","284",false,"division=3&district=23&thana=284","",0,0,0,0,0,0,0,0,0,0,0,0,0,0,0,0,0,0,0,0,0,0,0,0
"e1295244-5c19-4bfd-a004-e902b37a333f","Thana","HOSSAINPUR","হোসেনপুর","285",false,"division=3&district=23&thana=285","",0,0,0,0,0,0,0,0,0,0,0,0,0,0,0,0,0,0,0,0,0,0,0,0
"ec4e7bf3-2da0-454d-a752-c6d277bb77b6","Thana","ITNA","ইটনা","286",false,"division=3&district=23&thana=286","",0,0,0,0,0,0,0,0,0,0,0,0,0,0,0,0,0,0,0,0,0,0,0,0
"9b2bdc8f-0c74-4636-a012-44d0e05c9a0a","Thana","KARIMGANJ","করিমগঞ্জ","287",false,"division=3&district=23&thana=287","",0,0,0,0,0,0,0,0,0,0,0,0,0,0,0,0,0,0,0,0,0,0,0,0
"4729bd63-3ef6-4119-a7a2-66cd3c1d60e4","Thana","KATIADI","কটিয়াদী","288",false,"division=3&district=23&thana=288","",0,0,0,0,0,0,0,0,0,0,0,0,0,0,0,0,0,0,0,0,0,0,0,0
"7313c843-8047-4fe4-b2f9-2e4a33bfce13","Thana","KISHOREGANJ SADAR","কিশোরগঞ্জ সদর","289",false,"division=3&district=23&thana=289","",0,0,0,0,0,0,0,0,0,0,0,0,0,0,0,0,0,0,0,0,0,0,0,0
"97b4c2e9-380c-4a72-96a5-9330e61bdcf2","Thana","KULIAR CHAR","কুলিয়ার চর","290",false,"division=3&district=23&thana=290","",0,0,0,0,0,0,0,0,0,0,0,0,0,0,0,0,0,0,0,0,0,0,0,0
"9202aada-f7ae-42d5-8e7f-9448249e049d","Thana","MITHAMAIN","মিঠামইন","291",false,"division=3&district=23&thana=291","",0,0,0,0,0,0,0,0,0,0,0,0,0,0,0,0,0,0,0,0,0,0,0,0
"a69eca77-e8d0-49f1-b756-afbec49c8999","Thana","NIKLI","নিক্‌লী","292",false,"division=3&district=23&thana=292","",0,0,0,0,0,0,0,0,0,0,0,0,0,0,0,0,0,0,0,0,0,0,0,0
"c7478f86-bfe8-4f3f-b56c-0a45ec10232f","Thana","PAKUNDIA","পাকুন্দিয়া","293",false,"division=3&district=23&thana=293","",0,0,0,0,0,0,0,0,0,0,0,0,0,0,0,0,0,0,0,0,0,0,0,0
"053ec953-32c9-4f33-b5eb-0d078a1771cb","Thana","TARAIL","তারাইল","294",false,"division=3&district=23&thana=294","",0,0,0,0,0,0,0,0,0,0,0,0,0,0,0,0,0,0,0,0,0,0,0,0
"bb5a307f-672c-4727-bdd0-1ca7d267d73d","Thana","KALKINI","কালকিনী","320",false,"division=3&district=24&thana=320","",0,0,0,0,0,0,0,0,0,0,0,0,0,0,0,0,0,0,0,0,0,0,0,0
"e725076d-0c8c-4fad-b9b4-59b9ca4c65c2","Thana","MADARIPUR SADAR","মাদারিপুর সদর","321",false,"division=3&district=24&thana=321","",0,0,0,0,0,0,0,0,0,0,0,0,0,0,0,0,0,0,0,0,0,0,0,0
"7d2381a0-4140-4c73-94ce-be6e65402a65","Thana","RAJOIR","রাজৈর","322",false,"division=3&district=24&thana=322","",0,0,0,0,0,0,0,0,0,0,0,0,0,0,0,0,0,0,0,0,0,0,0,0
"12165819-1805-48c0-b898-e80d85b85329","Thana","SHIBCHAR","শিব্‌ চর","323",false,"division=3&district=24&thana=323","",0,0,0,0,0,0,0,0,0,0,0,0,0,0,0,0,0,0,0,0,0,0,0,0
"c323bb3b-e47c-41e3-9e24-e8fc7589d414","Thana","DAULATPUR","দৌলতপুর","328",false,"division=3&district=25&thana=328","",0,0,0,0,0,0,0,0,0,0,0,0,0,0,0,0,0,0,0,0,0,0,0,0
"c82f4814-650c-4160-9e35-f5f3668fccac","Thana","GHIOR","ঘিওর","329",false,"division=3&district=25&thana=329","",0,0,0,0,0,0,0,0,0,0,0,0,0,0,0,0,0,0,0,0,0,0,0,0
"52041af8-2df0-4872-bbdb-7f28e9ba632d","Thana","HARIRAMPUR","হরিরামপুর","330",false,"division=3&district=25&thana=330","",0,0,0,0,0,0,0,0,0,0,0,0,0,0,0,0,0,0,0,0,0,0,0,0
"50595238-8c02-4ec8-8606-eba2e129e653","Thana","MANIKGANJ SADAR","মানিকগঞ্জ সদর","331",false,"division=3&district=25&thana=331","",0,0,0,0,0,0,0,0,0,0,0,0,0,0,0,0,0,0,0,0,0,0,0,0
"de7b696a-b1eb-48ee-9e5b-846fc4665589","Thana","SATURIA","সাটুরিয়া","332",false,"division=3&district=25&thana=332","",0,0,0,0,0,0,0,0,0,0,0,0,0,0,0,0,0,0,0,0,0,0,0,0
"8b4b08ec-14e6-42bb-8e15-f73df7a687f2","Thana","SHIBALAYA","শিবালয়","333",false,"division=3&district=25&thana=333","",0,0,0,0,0,0,0,0,0,0,0,0,0,0,0,0,0,0,0,0,0,0,0,0
"bf027c9d-c094-45ab-9b9f-05a7ab79bac8","Thana","SINGAIR","শিংগাইর","334",false,"division=3&district=25&thana=334","",0,0,0,0,0,0,0,0,0,0,0,0,0,0,0,0,0,0,0,0,0,0,0,0
"eb91d339-485c-4cab-8b23-c037a2730e33","Thana","GAZARIA","গজারিয়া","345",false,"division=3&district=26&thana=345","",0,0,0,0,0,0,0,0,0,0,0,0,0,0,0,0,0,0,0,0,0,0,0,0
"48b0e7bf-92bc-4c92-beb8-1174b8521513","Thana","LOHAJANG","লৌহজং","346",false,"division=3&district=26&thana=346","",0,0,0,0,0,0,0,0,0,0,0,0,0,0,0,0,0,0,0,0,0,0,0,0
"bd87d04e-8714-415a-ac77-9e234da74122","Thana","MUNSHIGANJ SADAR","মুন্সীগঞ্জ সদর","347",false,"division=3&district=26&thana=347","",0,0,0,0,0,0,0,0,0,0,0,0,0,0,0,0,0,0,0,0,0,0,0,0
"1ade878a-c962-484d-a2a1-1c0484d998c2","Thana","SERAJDIKHAN","সিরাজদিখান","348",false,"division=3&district=26&thana=348","",0,0,0,0,0,0,0,0,0,0,0,0,0,0,0,0,0,0,0,0,0,0,0,0
"c9fb3784-9e3e-4f6a-bd06-6068aab296b1","Thana","SREENAGAR","শ্রীনগর","349",false,"division=3&district=26&thana=349","",0,0,0,0,0,0,0,0,0,0,0,0,0,0,0,0,0,0,0,0,0,0,0,0
"be4faed4-29ad-4533-bec3-e5d953bf2d33","Thana","TONGIBARI","টুঙ্গিবাড়ী","350",false,"division=3&district=26&thana=350","",0,0,0,0,0,0,0,0,0,0,0,0,0,0,0,0,0,0,0,0,0,0,0,0
"c202a567-7da8-496b-9e52-92f40ed26c28","Thana","ARAIHAZAR","আড়াইহাজার","378",false,"division=3&district=28&thana=378","",0,0,0,0,0,0,0,0,0,0,0,0,0,0,0,0,0,0,0,0,0,0,0,0
"7c51d83a-e4bc-407f-8403-5ef686adc88e","Thana","SONARGAON","সোনারগাঁও","379",false,"division=3&district=28&thana=379","",0,0,0,0,0,0,0,0,0,0,0,0,0,0,0,0,0,0,0,0,0,0,0,0
"4a831f86-5f81-4e81-8689-2ee760897b12","Thana","BANDAR","বন্দর","380",false,"division=3&district=28&thana=380","",0,0,0,0,0,0,0,0,0,0,0,0,0,0,0,0,0,0,0,0,0,0,0,0
"6134a069-12d1-4ad3-bcc5-983f32efc2ef","Thana","NARAYANGANJ SADAR","নারায়ণগঞ্জ সদর","381",false,"division=3&district=28&thana=381","",0,0,0,0,0,0,0,0,0,0,0,0,0,0,0,0,0,0,0,0,0,0,0,0
"066e1204-e201-4f59-a3f8-068c055bab76","Thana","RUPGANJ","রূপগঞ্জ","382",false,"division=3&district=28&thana=382","",0,0,0,0,0,0,0,0,0,0,0,0,0,0,0,0,0,0,0,0,0,0,0,0
"6959922f-b242-4455-ba84-c6f9fced3ee1","Thana","BELABO","বেলাবো","383",false,"division=3&district=29&thana=383","",0,0,0,0,0,0,0,0,0,0,0,0,0,0,0,0,0,0,0,0,0,0,0,0
"a05ea350-f0e6-4a61-b8d4-4204731cca11","Thana","MANOHARDI","মনোহরদী","384",false,"division=3&district=29&thana=384","",0,0,0,0,0,0,0,0,0,0,0,0,0,0,0,0,0,0,0,0,0,0,0,0
"0ee5e91a-9764-4aba-84ee-6c6f0025f723","Thana","NARSINGDI SADAR","নরসিংদী সদর","385",false,"division=3&district=29&thana=385","",0,0,0,0,0,0,0,0,0,0,0,0,0,0,0,0,0,0,0,0,0,0,0,0
"d978a801-bfdc-4c38-bd4a-8967359e6d17","Thana","PALASH","পলাশ","386",false,"division=3&district=29&thana=386","",0,0,0,0,0,0,0,0,0,0,0,0,0,0,0,0,0,0,0,0,0,0,0,0
"fc564dd9-345b-4936-9881-905c5677e19c","Thana","ROYPURA","রায়পুরা","387",false,"division=3&district=29&thana=387","",0,0,0,0,0,0,0,0,0,0,0,0,0,0,0,0,0,0,0,0,0,0,0,0
"be8de253-4cc0-4e0c-a360-f558852c819f","Thana","SHIBPUR","শিবপুর","388",false,"division=3&district=29&thana=388","",0,0,0,0,0,0,0,0,0,0,0,0,0,0,0,0,0,0,0,0,0,0,0,0
"22d8ccd1-c3eb-4755-95ed-967a9bb0aa52","Thana","BALIAKANDI","বালিয়াকান্দি","468",false,"division=3&district=31&thana=468","",0,0,0,0,0,0,0,0,0,0,0,0,0,0,0,0,0,0,0,0,0,0,0,0
"9a9143c6-746a-46be-b476-73a86d37e21f","Thana","GOALANDA","গোয়ালন্দ","469",false,"division=3&district=31&thana=469","",0,0,0,0,0,0,0,0,0,0,0,0,0,0,0,0,0,0,0,0,0,0,0,0
"c5e88c38-c684-436f-9e37-87986c8e9e11","Thana","KALUKHALI","কালুখালী","470",false,"division=3&district=31&thana=470","",0,0,0,0,0,0,0,0,0,0,0,0,0,0,0,0,0,0,0,0,0,0,0,0
"c5e55bae-cf80-4ea1-9307-da08d6baefcd","Thana","PANGSHA","পাংশা","471",false,"division=3&district=31&thana=471","",0,0,0,0,0,0,0,0,0,0,0,0,0,0,0,0,0,0,0,0,0,0,0,0
"7d28805a-2307-4c60-ae63-433ec7f469c2","Thana","RAJBARI SADAR","রাজবাড়ী সদর","472",false,"division=3&district=31&thana=472","",0,0,0,0,0,0,0,0,0,0,0,0,0,0,0,0,0,0,0,0,0,0,0,0
"31cce7ad-f064-435b-98d0-834263ae8198","Thana","BHEDARGANJ","ভেদরগঞ্জ","491",false,"division=3&district=32&thana=491","",0,0,0,0,0,0,0,0,0,0,0,0,0,0,0,0,0,0,0,0,0,0,0,0
"980a6847-1d02-43da-a10e-eb662c3b4275","Thana","DAMUDYA","ডামুড্যা","492",false,"division=3&district=32&thana=492","",0,0,0,0,0,0,0,0,0,0,0,0,0,0,0,0,0,0,0,0,0,0,0,0
"8d941eed-e6ae-4324-a413-9ee5e00980c6","Thana","GOSAIRHAT","গোসাইরহাট","493",false,"division=3&district=32&thana=493","",0,0,0,0,0,0,0,0,0,0,0,0,0,0,0,0,0,0,0,0,0,0,0,0
"290a60eb-a461-421f-bd98-7b9f929b9d7d","Thana","NARIA","নড়িয়া","494",false,"division=3&district=32&thana=494","",0,0,0,0,0,0,0,0,0,0,0,0,0,0,0,0,0,0,0,0,0,0,0,0
"d067cbca-64e0-479d-8d5e-df48e5fbe848","Thana","SHARIATPUR SADAR","শরিয়তপুর সদর","495",false,"division=3&district=32&thana=495","",0,0,0,0,0,0,0,0,0,0,0,0,0,0,0,0,0,0,0,0,0,0,0,0
"3fa03319-cd61-4eed-a6b8-82d6941b4acf","Thana","ZANJIRA","জাজিরা","496",false,"division=3&district=32&thana=496","",0,0,0,0,0,0,0,0,0,0,0,0,0,0,0,0,0,0,0,0,0,0,0,0
"cf51b292-dc29-4b89-a7e4-5d0d3cdc3804","Thana","BASAIL","বাসাইল","541",false,"division=3&district=34&thana=541","",0,0,0,0,0,0,0,0,0,0,0,0,0,0,0,0,0,0,0,0,0,0,0,0
"f05ff347-e64d-4df2-9e8c-95cabc34f128","Thana","BHUAPUR","ভূঞাপুর","542",false,"division=3&district=34&thana=542","",0,0,0,0,0,0,0,0,0,0,0,0,0,0,0,0,0,0,0,0,0,0,0,0
"a5354d92-0c65-4813-a3ab-d92b65eb3420","Thana","DELDUAR","দেলদুয়ার","543",false,"division=3&district=34&thana=543","",0,0,0,0,0,0,0,0,0,0,0,0,0,0,0,0,0,0,0,0,0,0,0,0
"8082eccc-1199-4c52-a717-6d0e8609ac58","Thana","DHANBARI","ধনবাড়ী","544",false,"division=3&district=34&thana=544","",0,0,0,0,0,0,0,0,0,0,0,0,0,0,0,0,0,0,0,0,0,0,0,0
"e11afeb5-2a1d-4f7a-a85c-191f3f9c9542","Thana","GHATAIL","ঘাটাইল","545",false,"division=3&district=34&thana=545","",0,0,0,0,0,0,0,0,0,0,0,0,0,0,0,0,0,0,0,0,0,0,0,0
"404eb762-fb9e-47d5-9a9c-3f862d83ee1f","Thana","GOPALPUR","গোপালপুর","546",false,"division=3&district=34&thana=546","",0,0,0,0,0,0,0,0,0,0,0,0,0,0,0,0,0,0,0,0,0,0,0,0
"5a337b53-9326-436e-aada-e36d7f4488b2","Thana","KALIHATI","কালিহাতি","547",false,"division=3&district=34&thana=547","",0,0,0,0,0,0,0,0,0,0,0,0,0,0,0,0,0,0,0,0,0,0,0,0
"cdf34c93-225f-4b16-9cfd-f019bdf18334","Thana","MADHUPUR","মধুপুর","548",false,"division=3&district=34&thana=548","",0,0,0,0,0,0,0,0,0,0,0,0,0,0,0,0,0,0,0,0,0,0,0,0
"8b2f1f62-debc-4d96-a1af-18129cc3914e","Thana","MIRZAPUR","মির্জাপুর","549",false,"division=3&district=34&thana=549","",0,0,0,0,0,0,0,0,0,0,0,0,0,0,0,0,0,0,0,0,0,0,0,0
"09638c7b-97ea-4d21-97da-21779c4906ea","Thana","NAGARPUR","নাগরপুর","550",false,"division=3&district=34&thana=550","",0,0,0,0,0,0,0,0,0,0,0,0,0,0,0,0,0,0,0,0,0,0,0,0
"cfecdb0c-8c2c-4a0e-8558-4bddd1951b3f","Thana","SAKHIPUR","সখিপুর","551",false,"division=3&district=34&thana=551","",0,0,0,0,0,0,0,0,0,0,0,0,0,0,0,0,0,0,0,0,0,0,0,0
"d116d028-4218-4126-97c3-0548821cf3ba","Thana","TANGAIL SADAR","টাঙ্গাইল সদর","552",false,"division=3&district=34&thana=552","",0,0,0,0,0,0,0,0,0,0,0,0,0,0,0,0,0,0,0,0,0,0,0,0
"735b96b1-a92d-4f59-850b-7acef881354f","Thana","BAGERHAT SADAR","বাগেরহাট সদর","1",false,"division=4&district=35&thana=1","",0,0,0,0,0,0,0,0,0,0,0,0,0,0,0,0,0,0,0,0,0,0,0,0
"d6ecafcc-7684-455c-b210-359e9577bfbc","Thana","CHITALMARI","চিতলমারী","2",false,"division=4&district=35&thana=2","",0,0,0,0,0,0,0,0,0,0,0,0,0,0,0,0,0,0,0,0,0,0,0,0
"dd71b89a-5098-4ead-b204-084b9c31054b","Thana","FAKIRHAT","ফকিরহাট","3",false,"division=4&district=35&thana=3","",0,0,0,0,0,0,0,0,0,0,0,0,0,0,0,0,0,0,0,0,0,0,0,0
"c0771e23-2c68-46be-8c75-b90e90286974","Thana","KACHUA","কচুয়া","4",false,"division=4&district=35&thana=4","",0,0,0,0,0,0,0,0,0,0,0,0,0,0,0,0,0,0,0,0,0,0,0,0
"9b5fe2a1-df25-4f73-8186-b54187af897b","Thana","MOLLAHAT","মোল্লাহাট","5",false,"division=4&district=35&thana=5","",0,0,0,0,0,0,0,0,0,0,0,0,0,0,0,0,0,0,0,0,0,0,0,0
"d4d6312c-009f-42bb-b2f2-9b26a709a616","Thana","MONGLA","মোংলা","6",false,"division=4&district=35&thana=6","",0,0,0,0,0,0,0,0,0,0,0,0,0,0,0,0,0,0,0,0,0,0,0,0
"7e95d49b-7e64-4fe8-a958-f9e9040e9360","Thana","MORRELGANJ","মোড়লগঞ্জ","7",false,"division=4&district=35&thana=7","",0,0,0,0,0,0,0,0,0,0,0,0,0,0,0,0,0,0,0,0,0,0,0,0
"ec9341db-daa5-4c1f-8e76-64628d4832a7","Thana","RAMPAL","রামপাল","8",false,"division=4&district=35&thana=8","",0,0,0,0,0,0,0,0,0,0,0,0,0,0,0,0,0,0,0,0,0,0,0,0
"139022d8-8071-4f2c-876b-8bf42d2c4c5c","Thana","SARANKHOLA","শরণখোলা","9",false,"division=4&district=35&thana=9","",0,0,0,0,0,0,0,0,0,0,0,0,0,0,0,0,0,0,0,0,0,0,0,0
"b7ee217a-d52e-459b-b981-17a16b801271","Thana","ALAMDANGA","আলমডাংগা","95",false,"division=4&district=36&thana=95","",0,0,0,0,0,0,0,0,0,0,0,0,0,0,0,0,0,0,0,0,0,0,0,0
"970c22aa-299d-48a8-9162-4efebd579845","Thana","CHUADANGA SADAR","চুয়াডাঙ্গা সদর","96",false,"division=4&district=36&thana=96","",0,0,0,0,0,0,0,0,0,0,0,0,0,0,0,0,0,0,0,0,0,0,0,0
"cca163ee-c763-4318-abed-d4a4cac7af44","Thana","DAMURHUDA","দামুরহুদা","97",false,"division=4&district=36&thana=97","",0,0,0,0,0,0,0,0,0,0,0,0,0,0,0,0,0,0,0,0,0,0,0,0
"0b67bc6a-a060-46a5-8531-317485f309b2","Thana","JIBAN NAGAR","জীবন নগর","98",false,"division=4&district=36&thana=98","",0,0,0,0,0,0,0,0,0,0,0,0,0,0,0,0,0,0,0,0,0,0,0,0
"a553f27f-c4b6-4e62-88f3-1fc0770bceaf","Thana","ABHAYNAGAR","অভয়নগর","242",false,"division=4&district=37&thana=242","",0,0,0,0,0,0,0,0,0,0,0,0,0,0,0,0,0,0,0,0,0,0,0,0
"bd0b6127-69b6-4394-a2d6-6b7712a0eb0f","Thana","BAGHER PARA","বাঘারপাড়া","243",false,"division=4&district=37&thana=243","",0,0,0,0,0,0,0,0,0,0,0,0,0,0,0,0,0,0,0,0,0,0,0,0
"bc5d810a-a106-4e23-a68d-6036d5d5f9e0","Thana","CHAUGACHHA","চৌগাছা","244",false,"division=4&district=37&thana=244","",0,0,0,0,0,0,0,0,0,0,0,0,0,0,0,0,0,0,0,0,0,0,0,0
"eba912f8-ec1b-4569-9c56-4b97db5350cc","Thana","JHIKARGACHHA","ঝিকরগাছা","245",false,"division=4&district=37&thana=245","",0,0,0,0,0,0,0,0,0,0,0,0,0,0,0,0,0,0,0,0,0,0,0,0
"4ce8c2a6-8774-4c34-897f-2aaa27bf73fd","Thana","KESHABPUR","কেশবপুর","246",false,"division=4&district=37&thana=246","",0,0,0,0,0,0,0,0,0,0,0,0,0,0,0,0,0,0,0,0,0,0,0,0
"a08dac5c-8e6a-4d9d-adf2-b5103401104b","Thana","JESSORE SADAR","যশোর সদর","247",false,"division=4&district=37&thana=247","",0,0,0,0,0,0,0,0,0,0,0,0,0,0,0,0,0,0,0,0,0,0,0,0
"ac2f5565-589f-4c90-9c0b-5439f8bc91b0","Thana","MANIRAMPUR","মনিরামপুর","248",false,"division=4&district=37&thana=248","",0,0,0,0,0,0,0,0,0,0,0,0,0,0,0,0,0,0,0,0,0,0,0,0
"3723f9bd-0ebd-49f2-b18d-b1d1b52bbf69","Thana","SHARSHA","শার্শা","249",false,"division=4&district=37&thana=249","",0,0,0,0,0,0,0,0,0,0,0,0,0,0,0,0,0,0,0,0,0,0,0,0
"654cc85d-d419-4da2-809e-d35c129f7db1","Thana","HARINAKUNDA","হরিনাকুন্ডু","254",false,"division=4&district=38&thana=254","",0,0,0,0,0,0,0,0,0,0,0,0,0,0,0,0,0,0,0,0,0,0,0,0
"49103a88-e013-4e06-997f-96687d315ab1","Thana","JHENAIDAH SADAR","ঝিনাইদহ সদর","255",false,"division=4&district=38&thana=255","",0,0,0,0,0,0,0,0,0,0,0,0,0,0,0,0,0,0,0,0,0,0,0,0
"6a4d32ff-dd92-4a02-973c-5d73c1b2ad3f","Thana","KALIGANJ","কালীগঞ্জ","256",false,"division=4&district=38&thana=256","",0,0,0,0,0,0,0,0,0,0,0,0,0,0,0,0,0,0,0,0,0,0,0,0
"de0adf8d-fc68-47a9-b5b4-34726e0afaeb","Thana","KOTCHANDPUR","কোটচাঁদপুর","257",false,"division=4&district=38&thana=257","",0,0,0,0,0,0,0,0,0,0,0,0,0,0,0,0,0,0,0,0,0,0,0,0
"7f0532a6-11c8-498d-814b-f49474aab995","Thana","MAHESHPUR","মহেশপুর","258",false,"division=4&district=38&thana=258","",0,0,0,0,0,0,0,0,0,0,0,0,0,0,0,0,0,0,0,0,0,0,0,0
"d14688e1-d513-4298-bc64-a3e7ae50666d","Thana","SHAILKUPA","শৈলকুপা","259",false,"division=4&district=38&thana=259","",0,0,0,0,0,0,0,0,0,0,0,0,0,0,0,0,0,0,0,0,0,0,0,0
"51e0e741-ee91-4ae3-889f-bf09e2ad41fe","Thana","BATIAGHATA","বটিয়াঘাটা","268",false,"division=4&district=39&thana=268","",0,0,0,0,0,0,0,0,0,0,0,0,0,0,0,0,0,0,0,0,0,0,0,0
"bc69dd03-612f-41e4-8289-19aca2ce88d5","Thana","DACOPE","দাকোপ","269",false,"division=4&district=39&thana=269","",0,0,0,0,0,0,0,0,0,0,0,0,0,0,0,0,0,0,0,0,0,0,0,0
"8e4d3273-1b0c-44f9-846a-e3aec0107f9e","Thana","DAULATPUR","দৌলতপুর","270",false,"division=4&district=39&thana=270","",0,0,0,0,0,0,0,0,0,0,0,0,0,0,0,0,0,0,0,0,0,0,0,0
"0c7189b4-98f4-4ae3-bf9c-d9722a57f1e3","Thana","DUMURIA","ডুমুরিয়া","271",false,"division=4&district=39&thana=271","",0,0,0,0,0,0,0,0,0,0,0,0,0,0,0,0,0,0,0,0,0,0,0,0
"994f9ed7-5ee4-4673-8245-3cf1eef46f39","Thana","DIGHALIA","দিঘলিয়া","272",false,"division=4&district=39&thana=272","",0,0,0,0,0,0,0,0,0,0,0,0,0,0,0,0,0,0,0,0,0,0,0,0
"866a8b11-0044-443d-9b32-e39fe4252a68","Thana","KHALISHPUR","খালিসপুর","273",false,"division=4&district=39&thana=273","",0,0,0,0,0,0,0,0,0,0,0,0,0,0,0,0,0,0,0,0,0,0,0,0
"ef5a13e8-6677-4cc7-83e4-eeac5913ade9","Thana","KHAN JAHAN ALI","খান জাহান আলী","274",false,"division=4&district=39&thana=274","",0,0,0,0,0,0,0,0,0,0,0,0,0,0,0,0,0,0,0,0,0,0,0,0
"7a2fdaa8-66eb-48a3-bb62-ecfa85ed329a","Thana","KHULNA SADAR","খুলনা সদর","275",false,"division=4&district=39&thana=275","",0,0,0,0,0,0,0,0,0,0,0,0,0,0,0,0,0,0,0,0,0,0,0,0
"57c0be9a-dac7-42dd-bad5-dddc8ea213e4","Thana","KOYRA","কয়রা","276",false,"division=4&district=39&thana=276","",0,0,0,0,0,0,0,0,0,0,0,0,0,0,0,0,0,0,0,0,0,0,0,0
"0d3a6c49-7b2f-447f-876f-17277755b295","Thana","PAIKGACHHA","পাইকগাছা","277",false,"division=4&district=39&thana=277","",0,0,0,0,0,0,0,0,0,0,0,0,0,0,0,0,0,0,0,0,0,0,0,0
"7987369c-af66-4be2-ad85-86a3e72f577c","Thana","PHULTALA","ফুলতলা","278",false,"division=4&district=39&thana=278","",0,0,0,0,0,0,0,0,0,0,0,0,0,0,0,0,0,0,0,0,0,0,0,0
"59fa3150-97e2-460c-9a1e-90024283c7df","Thana","RUPSA","রূপসা","279",false,"division=4&district=39&thana=279","",0,0,0,0,0,0,0,0,0,0,0,0,0,0,0,0,0,0,0,0,0,0,0,0
"df6f6a20-5214-4e08-a04f-356098bfbd05","Thana","SONADANGA","সোনাডাঙ্গা","280",false,"division=4&district=39&thana=280","",0,0,0,0,0,0,0,0,0,0,0,0,0,0,0,0,0,0,0,0,0,0,0,0
"0c0a2063-a8df-4fbe-b38d-2739e6d9e1a7","Thana","TEROKHADA","তেরখাদা","281",false,"division=4&district=39&thana=281","",0,0,0,0,0,0,0,0,0,0,0,0,0,0,0,0,0,0,0,0,0,0,0,0
"7201454e-be16-4ac8-b3b3-b60aca00472e","Thana","BHERAMARA","ভেড়ামারা","304",false,"division=4&district=40&thana=304","",0,0,0,0,0,0,0,0,0,0,0,0,0,0,0,0,0,0,0,0,0,0,0,0
"ca88478e-b004-4cee-8589-70e0e971fc19","Thana","DAULATPUR","দৌলতপুর","305",false,"division=4&district=40&thana=305","",0,0,0,0,0,0,0,0,0,0,0,0,0,0,0,0,0,0,0,0,0,0,0,0
"946f3bc3-489f-4299-ac8a-df31d944255c","Thana","KHOKSA","খোক্‌সা","306",false,"division=4&district=40&thana=306","",0,0,0,0,0,0,0,0,0,0,0,0,0,0,0,0,0,0,0,0,0,0,0,0
"024edc0c-7d6a-44b3-bd87-ba98a43a308b","Thana","KUMARKHALI","কুমারখালী","307",false,"division=4&district=40&thana=307","",0,0,0,0,0,0,0,0,0,0,0,0,0,0,0,0,0,0,0,0,0,0,0,0
"150af9eb-abb8-4040-a30e-2f935ac0e764","Thana","KUSHTIA SADAR","কুষ্টিয়া সদর","308",false,"division=4&district=40&thana=308","",0,0,0,0,0,0,0,0,0,0,0,0,0,0,0,0,0,0,0,0,0,0,0,0
"fa685728-7b4a-46ea-b903-2a0e50d11344","Thana","MIRPUR","মিরপুর","309",false,"division=4&district=40&thana=309","",0,0,0,0,0,0,0,0,0,0,0,0,0,0,0,0,0,0,0,0,0,0,0,0
"90142598-e27c-493a-8885-ad637dfb8600","Thana","MAGURA SADAR","মাগুরা সদর","324",false,"division=4&district=41&thana=324","",0,0,0,0,0,0,0,0,0,0,0,0,0,0,0,0,0,0,0,0,0,0,0,0
"671716ee-1d68-4d98-8fdc-da0744f895f6","Thana","MOHAMMADPUR","মোহাম্মদপুর","325",false,"division=4&district=41&thana=325","",0,0,0,0,0,0,0,0,0,0,0,0,0,0,0,0,0,0,0,0,0,0,0,0
"d740df3a-f447-4163-b82d-a5bdbe7b101d","Thana","SHALIKHA","শালিখা","326",false,"division=4&district=41&thana=326","",0,0,0,0,0,0,0,0,0,0,0,0,0,0,0,0,0,0,0,0,0,0,0,0
"a357b12c-e7f7-488b-b181-d00ef4a9ad43","Thana","SREEPUR","শ্রীপুর","327",false,"division=4&district=41&thana=327","",0,0,0,0,0,0,0,0,0,0,0,0,0,0,0,0,0,0,0,0,0,0,0,0
"9b80c5fa-4bdb-4815-ba03-fd415cf72411","Thana","GANGNI","গাংনী","335",false,"division=4&district=42&thana=335","",0,0,0,0,0,0,0,0,0,0,0,0,0,0,0,0,0,0,0,0,0,0,0,0
"6bb42f52-dab8-4d3e-b5b2-7a7efe74ad5a","Thana","MUJIB NAGAR","মজিব নগর","336",false,"division=4&district=42&thana=336","",0,0,0,0,0,0,0,0,0,0,0,0,0,0,0,0,0,0,0,0,0,0,0,0
"cb94cbe3-e048-4222-b63c-72bd734f9fe8","Thana","MEHERPUR SADAR","মেহেরপুর সদর","337",false,"division=4&district=42&thana=337","",0,0,0,0,0,0,0,0,0,0,0,0,0,0,0,0,0,0,0,0,0,0,0,0
"18caa106-e9a1-4b9c-9858-99703fe37814","Thana","KALIA","কালিয়া","375",false,"division=4&district=43&thana=375","",0,0,0,0,0,0,0,0,0,0,0,0,0,0,0,0,0,0,0,0,0,0,0,0
"8c1c2633-42fe-42d3-9377-eb644245e1ad","Thana","LOHAGARA","লোহাগড়া","376",false,"division=4&district=43&thana=376","",0,0,0,0,0,0,0,0,0,0,0,0,0,0,0,0,0,0,0,0,0,0,0,0
"a6ab86a6-4039-4f3c-89f0-c59c1c3d0b28","Thana","NARAIL SADAR","নড়াইল সদর","377",false,"division=4&district=43&thana=377","",0,0,0,0,0,0,0,0,0,0,0,0,0,0,0,0,0,0,0,0,0,0,0,0
"53fe2a28-3f2f-4ba0-90b6-b5ef7a2e404a","Thana","ASSASUNI","আশাশুনি","497",false,"division=4&district=44&thana=497","",0,0,0,0,0,0,0,0,0,0,0,0,0,0,0,0,0,0,0,0,0,0,0,0
"6ff6f060-d817-4738-a59f-091b9094d103","Thana","DEBHATA","দেবহাটা","498",false,"division=4&district=44&thana=498","",0,0,0,0,0,0,0,0,0,0,0,0,0,0,0,0,0,0,0,0,0,0,0,0
"30dea53c-0950-4379-8f0e-aca9afab4533","Thana","KALAROA","কলারোয়া","499",false,"division=4&district=44&thana=499","",0,0,0,0,0,0,0,0,0,0,0,0,0,0,0,0,0,0,0,0,0,0,0,0
"3a55990b-3d28-4498-b4b0-b63ac1dd7dc5","Thana","KALIGANJ","কালিগঞ্জ","500",false,"division=4&district=44&thana=500","",0,0,0,0,0,0,0,0,0,0,0,0,0,0,0,0,0,0,0,0,0,0,0,0
"e061c32c-4fcb-47ed-b54a-2f67122fd119","Thana","SATKHIRA SADAR","সাতক্ষিরা সদর","501",false,"division=4&district=44&thana=501","",0,0,0,0,0,0,0,0,0,0,0,0,0,0,0,0,0,0,0,0,0,0,0,0
"1d91047f-685a-443d-b953-6d0e283e007f","Thana","SHYAMNAGAR","শ্যামনগর","502",false,"division=4&district=44&thana=502","",0,0,0,0,0,0,0,0,0,0,0,0,0,0,0,0,0,0,0,0,0,0,0,0
"c4248787-58fc-48aa-9064-625bceff8d90","Thana","TALA","তালা","503",false,"division=4&district=44&thana=503","",0,0,0,0,0,0,0,0,0,0,0,0,0,0,0,0,0,0,0,0,0,0,0,0
"ff010103-bcb2-456f-a18e-40dab218eae4","Thana","ADAMDIGHI","আদমদিঘী","40",false,"division=5&district=45&thana=40","",0,0,0,0,0,0,0,0,0,0,0,0,0,0,0,0,0,0,0,0,0,0,0,0
"aaadc477-a9f4-4868-adb2-8991bfb91270","Thana","BOGRA SADAR","বগুড়া সদর","41",false,"division=5&district=45&thana=41","",0,0,0,0,0,0,0,0,0,0,0,0,0,0,0,0,0,0,0,0,0,0,0,0
"2a9d81e1-2d10-4551-ad77-425fd8f64a4f","Thana","DHUNAT","ধুনট","42",false,"division=5&district=45&thana=42","",0,0,0,0,0,0,0,0,0,0,0,0,0,0,0,0,0,0,0,0,0,0,0,0
"1ae88891-601e-4e1b-aecb-34807c1c498c","Thana","DHUPCHANCHIA","ধুপচাঁচিয়া","43",false,"division=5&district=45&thana=43","",0,0,0,0,0,0,0,0,0,0,0,0,0,0,0,0,0,0,0,0,0,0,0,0
"f780a30e-de5c-48da-8452-52155d9e72f9","Thana","GABTALI","গাবতলী","44",false,"division=5&district=45&thana=44","",0,0,0,0,0,0,0,0,0,0,0,0,0,0,0,0,0,0,0,0,0,0,0,0
"0dbed6b6-4bb1-47e0-8035-1d6a0ba02b47","Thana","KAHALOO","কাহালু","45",false,"division=5&district=45&thana=45","",0,0,0,0,0,0,0,0,0,0,0,0,0,0,0,0,0,0,0,0,0,0,0,0
"fab72d12-23eb-4f5d-b462-1592361ed122","Thana","NANDIGRAM","নন্দীগ্রাম","46",false,"division=5&district=45&thana=46","",0,0,0,0,0,0,0,0,0,0,0,0,0,0,0,0,0,0,0,0,0,0,0,0
"da2cae34-841b-42f4-bea5-d8a80441d72b","Thana","SARIAKANDI","সারিয়াকান্দি","47",false,"division=5&district=45&thana=47","",0,0,0,0,0,0,0,0,0,0,0,0,0,0,0,0,0,0,0,0,0,0,0,0
"e5766d97-9d22-4e98-9489-1d1d2495b285","Thana","SHAJAHANPUR","শাহজাহানপুর","48",false,"division=5&district=45&thana=48","",0,0,0,0,0,0,0,0,0,0,0,0,0,0,0,0,0,0,0,0,0,0,0,0
"705bd02c-2095-440e-a69a-98ad3a624560","Thana","SHERPUR","শেরপুর","49",false,"division=5&district=45&thana=49","",0,0,0,0,0,0,0,0,0,0,0,0,0,0,0,0,0,0,0,0,0,0,0,0
"50c27f8b-f553-43c5-ba2e-56fb600c2a63","Thana","SHIBGANJ","শিব্‌গঞ্জ","50",false,"division=5&district=45&thana=50","",0,0,0,0,0,0,0,0,0,0,0,0,0,0,0,0,0,0,0,0,0,0,0,0
"f24f8807-0a1a-42b3-8291-28cb4cf3122a","Thana","SONATOLA","সোনাতলা","51",false,"division=5&district=45&thana=51","",0,0,0,0,0,0,0,0,0,0,0,0,0,0,0,0,0,0,0,0,0,0,0,0
"5fd04f1a-61a6-456d-8637-4fc905aaa76b","Thana","AKKELPUR","আক্কেলপুর","230",false,"division=5&district=46&thana=230","",0,0,0,0,0,0,0,0,0,0,0,0,0,0,0,0,0,0,0,0,0,0,0,0
"e58ccc77-5536-4f1a-b8a7-e6b977161ce7","Thana","JOYPURHAT SADAR","জয়পুরহাট সদর","231",false,"division=5&district=46&thana=231","",0,0,0,0,0,0,0,0,0,0,0,0,0,0,0,0,0,0,0,0,0,0,0,0
"e802fb92-2622-4d96-9fe8-9f7cfb59764a","Thana","KALAI","কালাই","232",false,"division=5&district=46&thana=232","",0,0,0,0,0,0,0,0,0,0,0,0,0,0,0,0,0,0,0,0,0,0,0,0
"1e1645c4-eb5a-41bf-85d4-8be2459fe1f9","Thana","KHETLAL","ক্ষেতলাল","233",false,"division=5&district=46&thana=233","",0,0,0,0,0,0,0,0,0,0,0,0,0,0,0,0,0,0,0,0,0,0,0,0
"11ca21b7-169f-4242-b1cb-5b8f740aabda","Thana","PANCHBIBI","পাঁচবিবি","234",false,"division=5&district=46&thana=234","",0,0,0,0,0,0,0,0,0,0,0,0,0,0,0,0,0,0,0,0,0,0,0,0
"c34e55e8-bbbb-4356-8459-d2f32c199de8","Thana","ATRAI","আত্রাই","364",false,"division=5&district=47&thana=364","",0,0,0,0,0,0,0,0,0,0,0,0,0,0,0,0,0,0,0,0,0,0,0,0
"d3913bc3-3a8e-49f1-8a8b-ecc0f6790aff","Thana","BADALGACHHI","বদলগাছী","365",false,"division=5&district=47&thana=365","",0,0,0,0,0,0,0,0,0,0,0,0,0,0,0,0,0,0,0,0,0,0,0,0
"d725838c-04dc-42ca-8db1-f4bc25996000","Thana","DHAMOIRHAT","ধামুইরহাট","366",false,"division=5&district=47&thana=366","",0,0,0,0,0,0,0,0,0,0,0,0,0,0,0,0,0,0,0,0,0,0,0,0
"00fab2cd-d00c-480e-918c-477722674e6d","Thana","MANDA","মান্দা","367",false,"division=5&district=47&thana=367","",0,0,0,0,0,0,0,0,0,0,0,0,0,0,0,0,0,0,0,0,0,0,0,0
"2d6b6abd-5c23-463c-b21b-a976a8a65d6f","Thana","MAHADEBPUR","মহাদেবপুর","368",false,"division=5&district=47&thana=368","",0,0,0,0,0,0,0,0,0,0,0,0,0,0,0,0,0,0,0,0,0,0,0,0
"aadaa349-c3f6-4f6a-abd5-2014008bfdb6","Thana","NAOGAON SADAR","নওগাঁ সদর","369",false,"division=5&district=47&thana=369","",0,0,0,0,0,0,0,0,0,0,0,0,0,0,0,0,0,0,0,0,0,0,0,0
"3922c126-b034-4541-8a2f-8a97330df783","Thana","NIAMATPUR","নিয়ামতপুর","370",false,"division=5&district=47&thana=370","",0,0,0,0,0,0,0,0,0,0,0,0,0,0,0,0,0,0,0,0,0,0,0,0
"f8425ea1-977c-43c7-b2a5-afa606338fe1","Thana","PATNITALA","পত্নীতলা","371",false,"division=5&district=47&thana=371","",0,0,0,0,0,0,0,0,0,0,0,0,0,0,0,0,0,0,0,0,0,0,0,0
"988bcefb-5cd8-4549-9b41-e70ed3a59316","Thana","PORSHA","পোরশা","372",false,"division=5&district=47&thana=372","",0,0,0,0,0,0,0,0,0,0,0,0,0,0,0,0,0,0,0,0,0,0,0,0
"e322fa05-8b6f-4672-bd8d-98ee403bb226","Thana","RANINAGAR","রাণীনগর","373",false,"division=5&district=47&thana=373","",0,0,0,0,0,0,0,0,0,0,0,0,0,0,0,0,0,0,0,0,0,0,0,0
"4ce075be-78a2-4dc3-9add-3d8fb9f98863","Thana","SAPAHAR","সাপাহার","374",false,"division=5&district=47&thana=374","",0,0,0,0,0,0,0,0,0,0,0,0,0,0,0,0,0,0,0,0,0,0,0,0
"2d6137d8-7c82-40a6-8359-af977446df20","Thana","BAGATIPARA","বাগাতিপাড়া","389",false,"division=5&district=48&thana=389","",0,0,0,0,0,0,0,0,0,0,0,0,0,0,0,0,0,0,0,0,0,0,0,0
"6e65cd0e-4485-442d-82f6-fc1140c90624","Thana","BARAIGRAM","বড়ইগ্রাম","390",false,"division=5&district=48&thana=390","",0,0,0,0,0,0,0,0,0,0,0,0,0,0,0,0,0,0,0,0,0,0,0,0
"291b4c00-5307-4371-a8d7-59c52b1ac990","Thana","GURUDASPUR","গুরুদাসপুর","391",false,"division=5&district=48&thana=391","",0,0,0,0,0,0,0,0,0,0,0,0,0,0,0,0,0,0,0,0,0,0,0,0
"7a172720-89f7-4581-ada5-e1f4144f6a92","Thana","LALPUR","লালপুর","392",false,"division=5&district=48&thana=392","",0,0,0,0,0,0,0,0,0,0,0,0,0,0,0,0,0,0,0,0,0,0,0,0
"15756bf8-6ed6-4129-b7e0-65e3fc511aa2","Thana","NALDANGA","","393",false,"division=5&district=48&thana=393","",0,0,0,0,0,0,0,0,0,0,0,0,0,0,0,0,0,0,0,0,0,0,0,0
"1c862dc7-5e7c-4b2f-afb9-64cc8cbbcd21","Thana","NATORE SADAR","নাটোর সদর","394",false,"division=5&district=48&thana=394","",0,0,0,0,0,0,0,0,0,0,0,0,0,0,0,0,0,0,0,0,0,0,0,0
"32914dcc-9507-45cf-b1e1-a39b32eabe73","Thana","SINGRA","সিংড়া","395",false,"division=5&district=48&thana=395","",0,0,0,0,0,0,0,0,0,0,0,0,0,0,0,0,0,0,0,0,0,0,0,0
"86759c54-f466-4ae1-882b-d1b3bea37c49","Thana","BHOLAHAT","ভোলাহাট","396",false,"division=5&district=49&thana=396","",0,0,0,0,0,0,0,0,0,0,0,0,0,0,0,0,0,0,0,0,0,0,0,0
"cbeb2d64-47b3-43b6-aec6-632fdb24500d","Thana","GOMASTAPUR","গোমস্তাপুর","397",false,"division=5&district=49&thana=397","",0,0,0,0,0,0,0,0,0,0,0,0,0,0,0,0,0,0,0,0,0,0,0,0
"2c564455-afb7-4d26-a47d-389a24ba3c31","Thana","NACHOLE","নাচোল","398",false,"division=5&district=49&thana=398","",0,0,0,0,0,0,0,0,0,0,0,0,0,0,0,0,0,0,0,0,0,0,0,0
"20c8a8f8-b8b5-4b61-afa8-4def0f604833","Thana","CHAPAI NABABGANJ SADAR","চাঁপাই নবাবগঞ্জ সদর","399",false,"division=5&district=49&thana=399","",0,0,0,0,0,0,0,0,0,0,0,0,0,0,0,0,0,0,0,0,0,0,0,0
"8643de7c-d5dc-4d35-8906-c912cdae7688","Thana","SHIBGANJ","শিবগঞ্জ","400",false,"division=5&district=49&thana=400","",0,0,0,0,0,0,0,0,0,0,0,0,0,0,0,0,0,0,0,0,0,0,0,0
"40b5446b-c397-4d78-8f43-f1bb4e276f5d","Thana","ATGHARIA","আটঘরিয়া","426",false,"division=5&district=50&thana=426","",0,0,0,0,0,0,0,0,0,0,0,0,0,0,0,0,0,0,0,0,0,0,0,0
"627d4260-bd18-4cb9-a760-fc6887614f91","Thana","BERA","বেড়া","427",false,"division=5&district=50&thana=427","",0,0,0,0,0,0,0,0,0,0,0,0,0,0,0,0,0,0,0,0,0,0,0,0
"af82761f-2df8-4843-a5be-7e97af99e7a1","Thana","BHANGURA","ভাংগুড়া","428",false,"division=5&district=50&thana=428","",0,0,0,0,0,0,0,0,0,0,0,0,0,0,0,0,0,0,0,0,0,0,0,0
"7ab8ac58-6648-4a44-94f8-7bbcd6337ab5","Thana","CHATMOHAR","চাট্‌মোহর","429",false,"division=5&district=50&thana=429","",0,0,0,0,0,0,0,0,0,0,0,0,0,0,0,0,0,0,0,0,0,0,0,0
"751a8ad2-dfba-49b9-924d-e5aa966f0a38","Thana","FARIDPUR","ফরিদপুর","430",false,"division=5&district=50&thana=430","",0,0,0,0,0,0,0,0,0,0,0,0,0,0,0,0,0,0,0,0,0,0,0,0
"19fb50a3-fb0c-44d7-b156-372dd2153b2f","Thana","ISHWARDI","ঈশ্বরদী","431",false,"division=5&district=50&thana=431","",0,0,0,0,0,0,0,0,0,0,0,0,0,0,0,0,0,0,0,0,0,0,0,0
"abdaf3dc-48d5-43df-b4c3-ac824f37b86a","Thana","PABNA SADAR","পাবনা সদর","432",false,"division=5&district=50&thana=432","",0,0,0,0,0,0,0,0,0,0,0,0,0,0,0,0,0,0,0,0,0,0,0,0
"96aaf3ef-07cf-4b70-846a-c2a1add92254","Thana","SANTHIA","সাঁথিয়া","433",false,"division=5&district=50&thana=433","",0,0,0,0,0,0,0,0,0,0,0,0,0,0,0,0,0,0,0,0,0,0,0,0
"9a071bae-2ac1-4d0c-8068-e922fa43d39c","Thana","SUJANAGAR","সুজানগর","434",false,"division=5&district=50&thana=434","",0,0,0,0,0,0,0,0,0,0,0,0,0,0,0,0,0,0,0,0,0,0,0,0
"ea52f45a-d996-4829-add4-82d314f1dc46","Thana","BAGHA","বাঘা","455",false,"division=5&district=51&thana=455","",0,0,0,0,0,0,0,0,0,0,0,0,0,0,0,0,0,0,0,0,0,0,0,0
"905ae2b9-0033-4e5f-a2b9-0b881abe3b96","Thana","BAGHMARA","বাগমারা","456",false,"division=5&district=51&thana=456","",0,0,0,0,0,0,0,0,0,0,0,0,0,0,0,0,0,0,0,0,0,0,0,0
"c790a037-187c-4dd7-a8c0-948d67f19bb5","Thana","BOALIA","বোয়ালিয়া","457",false,"division=5&district=51&thana=457","",0,0,0,0,0,0,0,0,0,0,0,0,0,0,0,0,0,0,0,0,0,0,0,0
"a2bd1181-40c7-4c3c-9afa-6308a26d9db4","Thana","CHARGHAT","চারঘাট","458",false,"division=5&district=51&thana=458","",0,0,0,0,0,0,0,0,0,0,0,0,0,0,0,0,0,0,0,0,0,0,0,0
"aab0e9d8-3381-43b7-9bb5-efcd27d6cc26","Thana","DURGAPUR","দূর্গাপুর","459",false,"division=5&district=51&thana=459","",0,0,0,0,0,0,0,0,0,0,0,0,0,0,0,0,0,0,0,0,0,0,0,0
"10ac7a90-31bb-4a76-b47d-ee283db4ce76","Thana","GODAGARI","গোদাগাড়ী","460",false,"division=5&district=51&thana=460","",0,0,0,0,0,0,0,0,0,0,0,0,0,0,0,0,0,0,0,0,0,0,0,0
"8e2d6a55-a11c-4ca2-a53f-c6e02aa1e6ea","Thana","MATIHAR","মতিহার","461",false,"division=5&district=51&thana=461","",0,0,0,0,0,0,0,0,0,0,0,0,0,0,0,0,0,0,0,0,0,0,0,0
"72734737-47c6-4337-94ed-05b538556008","Thana","MOHANPUR","মোহনপুর","462",false,"division=5&district=51&thana=462","",0,0,0,0,0,0,0,0,0,0,0,0,0,0,0,0,0,0,0,0,0,0,0,0
"309c66b1-26fc-439e-b3ed-06e19a221235","Thana","PABA","পবা","463",false,"division=5&district=51&thana=463","",0,0,0,0,0,0,0,0,0,0,0,0,0,0,0,0,0,0,0,0,0,0,0,0
"1e675d01-615b-4373-8532-2cffc040866b","Thana","PUTHIA","পুঠিয়া","464",false,"division=5&district=51&thana=464","",0,0,0,0,0,0,0,0,0,0,0,0,0,0,0,0,0,0,0,0,0,0,0,0
"f83b5223-428d-475f-98a6-eb09f835679b","Thana","RAJPARA","রাজপাড়া","465",false,"division=5&district=51&thana=465","",0,0,0,0,0,0,0,0,0,0,0,0,0,0,0,0,0,0,0,0,0,0,0,0
"06d790d1-7834-4511-b61f-6593e4d83f0f","Thana","SHAH MAKHDUM","শাহ্‌ মখদুম","466",false,"division=5&district=51&thana=466","",0,0,0,0,0,0,0,0,0,0,0,0,0,0,0,0,0,0,0,0,0,0,0,0
"9927f334-a5de-4913-a20c-b80855560f01","Thana","TANORE","তানোর","467",false,"division=5&district=51&thana=467","",0,0,0,0,0,0,0,0,0,0,0,0,0,0,0,0,0,0,0,0,0,0,0,0
"8d53aff4-121d-41ca-b649-099259a4ac88","Thana","BELKUCHI","বেলকুচি","504",false,"division=5&district=52&thana=504","",0,0,0,0,0,0,0,0,0,0,0,0,0,0,0,0,0,0,0,0,0,0,0,0
"d7f1a413-1c15-46f5-8045-7267c75f9be0","Thana","CHAUHALI","চৌহালী","505",false,"division=5&district=52&thana=505","",0,0,0,0,0,0,0,0,0,0,0,0,0,0,0,0,0,0,0,0,0,0,0,0
"f562b9f9-d614-49d7-860e-86abc25bb429","Thana","KAMARKHANDA","কামারখন্দ","506",false,"division=5&district=52&thana=506","",0,0,0,0,0,0,0,0,0,0,0,0,0,0,0,0,0,0,0,0,0,0,0,0
"3702b863-80d7-4a18-9fad-e2db2dafb2e4","Thana","KAZIPUR","কাজীপুর","507",false,"division=5&district=52&thana=507","",0,0,0,0,0,0,0,0,0,0,0,0,0,0,0,0,0,0,0,0,0,0,0,0
"92c37a5e-805f-4f1f-9a4c-3320b77491ba","Thana","ROYGANJ","রায়গঞ্জ","508",false,"division=5&district=52&thana=508","",0,0,0,0,0,0,0,0,0,0,0,0,0,0,0,0,0,0,0,0,0,0,0,0
"3e4f803b-4f05-4fef-adaf-b715b6e1d176","Thana","SHAHJADPUR","শাহাজাদপুর","509",false,"division=5&district=52&thana=509","",0,0,0,0,0,0,0,0,0,0,0,0,0,0,0,0,0,0,0,0,0,0,0,0
"8adb9c90-b463-4b8b-aa69-c182a6c99f5c","Thana","SIRAJGANJ SADAR","সিরাজগঞ্জ সদর","510",false,"division=5&district=52&thana=510","",0,0,0,0,0,0,0,0,0,0,0,0,0,0,0,0,0,0,0,0,0,0,0,0
"4d357882-b142-40ad-bede-dc229784be7b","Thana","TARASH","তাড়াশ","511",false,"division=5&district=52&thana=511","",0,0,0,0,0,0,0,0,0,0,0,0,0,0,0,0,0,0,0,0,0,0,0,0
"ce04697e-688e-4b50-9e03-9085116a35bc","Thana","ULLAH PARA","উল্লা পাড়া","512",false,"division=5&district=52&thana=512","",0,0,0,0,0,0,0,0,0,0,0,0,0,0,0,0,0,0,0,0,0,0,0,0
"f11e76f0-26dd-4d6e-a5d8-4105154173b3","Thana","BIRAMPUR","বিরামপুর","177",false,"division=6&district=53&thana=177","",0,0,0,0,0,0,0,0,0,0,0,0,0,0,0,0,0,0,0,0,0,0,0,0
"edb84a95-926e-4d09-939e-9dcc26af07df","Thana","BIRGANJ","বীরগঞ্জ","178",false,"division=6&district=53&thana=178","",0,0,0,0,0,0,0,0,0,0,0,0,0,0,0,0,0,0,0,0,0,0,0,0
"b2ac845e-301d-4c41-a33c-51ff3e50ac90","Thana","BIRAL","বিরল","179",false,"division=6&district=53&thana=179","",0,0,0,0,0,0,0,0,0,0,0,0,0,0,0,0,0,0,0,0,0,0,0,0
"18ed1ed2-0583-44d3-9adc-fd7d653317b3","Thana","BOCHAGANJ","বোচাগঞ্জ","180",false,"division=6&district=53&thana=180","",0,0,0,0,0,0,0,0,0,0,0,0,0,0,0,0,0,0,0,0,0,0,0,0
"a616db45-0de5-423b-aae1-5f9c8f7b7c04","Thana","CHIRIRBANDAR","চিরিরবন্দর","181",false,"division=6&district=53&thana=181","",0,0,0,0,0,0,0,0,0,0,0,0,0,0,0,0,0,0,0,0,0,0,0,0
"693ff72b-6693-41ba-8b6f-157bae8895cd","Thana","FULBARI","ফুলবাড়ী","182",false,"division=6&district=53&thana=182","",0,0,0,0,0,0,0,0,0,0,0,0,0,0,0,0,0,0,0,0,0,0,0,0
"68e93267-5b4c-4718-a27a-35231ad560f8","Thana","GHORAGHAT","ঘোড়াঘাট","183",false,"division=6&district=53&thana=183","",0,0,0,0,0,0,0,0,0,0,0,0,0,0,0,0,0,0,0,0,0,0,0,0
"dbfa53d3-2837-4910-86a1-af2221907d1e","Thana","HAKIMPUR","হাকিমপুর","184",false,"division=6&district=53&thana=184","",0,0,0,0,0,0,0,0,0,0,0,0,0,0,0,0,0,0,0,0,0,0,0,0
"7c5c3df7-5fd0-482e-9b40-c71b8b973c92","Thana","KAHAROLE","কাহারোল","185",false,"division=6&district=53&thana=185","",0,0,0,0,0,0,0,0,0,0,0,0,0,0,0,0,0,0,0,0,0,0,0,0
"ba902e29-073d-4a28-9ee2-09a790ab8d60","Thana","KHANSAMA","খান্‌সামা","186",false,"division=6&district=53&thana=186","",0,0,0,0,0,0,0,0,0,0,0,0,0,0,0,0,0,0,0,0,0,0,0,0
"5410f547-7c6c-4917-8112-2919822558fa","Thana","DINAJPUR SADAR","দিনাজপুর সদর","187",false,"division=6&district=53&thana=187","",0,0,0,0,0,0,0,0,0,0,0,0,0,0,0,0,0,0,0,0,0,0,0,0
"e811225f-69c5-4176-bd9a-f5087e12cf8a","Thana","NAWABGANJ","নবাবগঞ্জ","188",false,"division=6&district=53&thana=188","",0,0,0,0,0,0,0,0,0,0,0,0,0,0,0,0,0,0,0,0,0,0,0,0
"d22a9451-6544-422d-86ac-186c4a12a15f","Thana","PARBATIPUR","পার্বতীপুর","189",false,"division=6&district=53&thana=189","",0,0,0,0,0,0,0,0,0,0,0,0,0,0,0,0,0,0,0,0,0,0,0,0
"3cdad7ee-3219-4ee2-a204-a49b4d6ac804","Thana","FULCHHARI","ফুলছড়ি","205",false,"division=6&district=54&thana=205","",0,0,0,0,0,0,0,0,0,0,0,0,0,0,0,0,0,0,0,0,0,0,0,0
"2720f0b2-54e5-4766-b6de-96f9ace97e02","Thana","GAIBANDHA SADAR","গাইবান্ধা সদর","206",false,"division=6&district=54&thana=206","",0,0,0,0,0,0,0,0,0,0,0,0,0,0,0,0,0,0,0,0,0,0,0,0
"01abf370-b9de-475d-905b-8f08c08f3aa9","Thana","GOBINDAGANJ","গোবিন্দগঞ্জ","207",false,"division=6&district=54&thana=207","",0,0,0,0,0,0,0,0,0,0,0,0,0,0,0,0,0,0,0,0,0,0,0,0
"354e27b5-16b9-4dcc-a5e6-7486ef80ee1c","Thana","PALASHBARI","পলাশবাড়ী","208",false,"division=6&district=54&thana=208","",0,0,0,0,0,0,0,0,0,0,0,0,0,0,0,0,0,0,0,0,0,0,0,0
"571eb67f-9f88-468b-af29-4b4979370dd8","Thana","SADULLAPUR","সাদুল্লাপুর","209",false,"division=6&district=54&thana=209","",0,0,0,0,0,0,0,0,0,0,0,0,0,0,0,0,0,0,0,0,0,0,0,0
"8504ac94-eab3-4835-84ec-f85dd58c857c","Thana","SAGHATA","সাঘাটা","210",false,"division=6&district=54&thana=210","",0,0,0,0,0,0,0,0,0,0,0,0,0,0,0,0,0,0,0,0,0,0,0,0
"6114eb4f-5aa8-47d5-bb29-0f61dd8443d7","Thana","SUNDARGANJ","সুন্দরগঞ্জ","211",false,"division=6&district=54&thana=211","",0,0,0,0,0,0,0,0,0,0,0,0,0,0,0,0,0,0,0,0,0,0,0,0
"51c8aa26-9c8c-4630-9e51-ab6e1f7a8940","Thana","BHURUNGAMARI","ভুরুংগামারী","295",false,"division=6&district=55&thana=295","",0,0,0,0,0,0,0,0,0,0,0,0,0,0,0,0,0,0,0,0,0,0,0,0
"1c6b3eab-1812-40a6-b945-46e6885112b7","Thana","CHAR RAJIBPUR","রাজিবপুর","296",false,"division=6&district=55&thana=296","",0,0,0,0,0,0,0,0,0,0,0,0,0,0,0,0,0,0,0,0,0,0,0,0
"f4c24aa7-2209-4e8c-b705-c987c3318338","Thana","CHILMARI","চিলমারী","297",false,"division=6&district=55&thana=297","",0,0,0,0,0,0,0,0,0,0,0,0,0,0,0,0,0,0,0,0,0,0,0,0
"b10876b9-e463-4d5d-b95f-597255d086f1","Thana","PHULBARI","ফুলবাড়ী","298",false,"division=6&district=55&thana=298","",0,0,0,0,0,0,0,0,0,0,0,0,0,0,0,0,0,0,0,0,0,0,0,0
"58c53f52-884c-4ade-ac2e-1e0b25c73508","Thana","KURIGRAM SADAR","কুড়িগ্রাম সদর","299",false,"division=6&district=55&thana=299","",0,0,0,0,0,0,0,0,0,0,0,0,0,0,0,0,0,0,0,0,0,0,0,0
"6cd32a73-c545-40cd-b102-d1bf18e3b529","Thana","NAGESHWARI","নাগেশ্বরী","300",false,"division=6&district=55&thana=300","",0,0,0,0,0,0,0,0,0,0,0,0,0,0,0,0,0,0,0,0,0,0,0,0
"3992b4f2-34dc-46d8-9900-40215d0ddf76","Thana","RAJARHAT","রাজারহাট","301",false,"division=6&district=55&thana=301","",0,0,0,0,0,0,0,0,0,0,0,0,0,0,0,0,0,0,0,0,0,0,0,0
"48d8e2fa-0051-49a6-a110-acda44f99f41","Thana","RAUMARI","রৌমারী","302",false,"division=6&district=55&thana=302","",0,0,0,0,0,0,0,0,0,0,0,0,0,0,0,0,0,0,0,0,0,0,0,0
"899d9906-da16-448f-bdce-a69d843f3124","Thana","ULIPUR","উলিপুর","303",false,"division=6&district=55&thana=303","",0,0,0,0,0,0,0,0,0,0,0,0,0,0,0,0,0,0,0,0,0,0,0,0
"1b1a048a-b0e1-4823-ac56-9a314b1f6d2d","Thana","ADITMARI","আদিতমারী","315",false,"division=6&district=56&thana=315","",0,0,0,0,0,0,0,0,0,0,0,0,0,0,0,0,0,0,0,0,0,0,0,0
"ffe4dbb6-565d-4295-86fd-a082b8413c84","Thana","HATIBANDHA","হাতীবান্ধা","316",false,"division=6&district=56&thana=316","",0,0,0,0,0,0,0,0,0,0,0,0,0,0,0,0,0,0,0,0,0,0,0,0
"f0f4f5a8-bd7b-455c-96ee-810406a2fc02","Thana","KALIGANJ","কালীগঞ্জ","317",false,"division=6&district=56&thana=317","",0,0,0,0,0,0,0,0,0,0,0,0,0,0,0,0,0,0,0,0,0,0,0,0
"e7dc353b-5168-4c8f-85bb-4ba2fb779384","Thana","LALMONIRHAT SADAR","লালমনিরহাট সদর","318",false,"division=6&district=56&thana=318","",0,0,0,0,0,0,0,0,0,0,0,0,0,0,0,0,0,0,0,0,0,0,0,0
"d7c9e35c-e2b2-4cc3-a577-79cc906ee0da","Thana","PATGRAM","পাটগ্রাম","319",false,"division=6&district=56&thana=319","",0,0,0,0,0,0,0,0,0,0,0,0,0,0,0,0,0,0,0,0,0,0,0,0
"809647df-00e1-4390-9d7e-aec1716b2313","Thana","DIMLA","ডিমলা","411",false,"division=6&district=57&thana=411","",0,0,0,0,0,0,0,0,0,0,0,0,0,0,0,0,0,0,0,0,0,0,0,0
"2e172beb-1752-4304-8864-25e9b43e32c6","Thana","DOMAR UPAZILA","ডোমার","412",false,"division=6&district=57&thana=412","",0,0,0,0,0,0,0,0,0,0,0,0,0,0,0,0,0,0,0,0,0,0,0,0
"e3fdf529-8868-43aa-9237-9cb263f97227","Thana","JALDHAKA","জলঢাকা","413",false,"division=6&district=57&thana=413","",0,0,0,0,0,0,0,0,0,0,0,0,0,0,0,0,0,0,0,0,0,0,0,0
"efd4a63e-104d-4982-bb1d-5c1868d0fcda","Thana","KISHOREGANJ","কিশোরগঞ্জ","414",false,"division=6&district=57&thana=414","",0,0,0,0,0,0,0,0,0,0,0,0,0,0,0,0,0,0,0,0,0,0,0,0
"d956ac3c-2d65-4069-9a63-7dc0aa1471a4","Thana","NILPHAMARI SADAR","নীলফামারী সদর","415",false,"division=6&district=57&thana=415","",0,0,0,0,0,0,0,0,0,0,0,0,0,0,0,0,0,0,0,0,0,0,0,0
"d4efa636-9d6c-4e4f-8aec-ff99ab565e72","Thana","SAIDPUR UPAZILA","সৈয়দপুর","416",false,"division=6&district=57&thana=416","",0,0,0,0,0,0,0,0,0,0,0,0,0,0,0,0,0,0,0,0,0,0,0,0
"100e0804-1e6b-4844-9112-a393dbbc0f1c","Thana","ATWARI","আটোয়ারী","435",false,"division=6&district=58&thana=435","",0,0,0,0,0,0,0,0,0,0,0,0,0,0,0,0,0,0,0,0,0,0,0,0
"0ec3d840-c050-458d-a942-ba4d8834d0dd","Thana","BODA","বোদা","436",false,"division=6&district=58&thana=436","",0,0,0,0,0,0,0,0,0,0,0,0,0,0,0,0,0,0,0,0,0,0,0,0
"5e3ef94f-eb95-4ecb-9873-48c6724b737a","Thana","DEBIGANJ","দেবীগঞ্জ","437",false,"division=6&district=58&thana=437","",0,0,0,0,0,0,0,0,0,0,0,0,0,0,0,0,0,0,0,0,0,0,0,0
"afbcae07-2f1a-4166-b82d-50a6ae703c4b","Thana","PANCHAGARH SADAR","পঞ্চগড় সদর","438",false,"division=6&district=58&thana=438","",0,0,0,0,0,0,0,0,0,0,0,0,0,0,0,0,0,0,0,0,0,0,0,0
"7e1bdafb-134b-452a-8944-b0a4e2030889","Thana","TENTULIA","তেঁতুলিয়া","439",false,"division=6&district=58&thana=439","",0,0,0,0,0,0,0,0,0,0,0,0,0,0,0,0,0,0,0,0,0,0,0,0
"1e389e4e-018c-40df-80d3-f72a5d1d532e","Thana","BADARGANJ","বদরগঞ্জ","483",false,"division=6&district=59&thana=483","",0,0,0,0,0,0,0,0,0,0,0,0,0,0,0,0,0,0,0,0,0,0,0,0
"25ead556-31eb-4b58-aebd-141d5a7a8d8f","Thana","GANGACHARA","গংগাচড়া","484",false,"division=6&district=59&thana=484","",0,0,0,0,0,0,0,0,0,0,0,0,0,0,0,0,0,0,0,0,0,0,0,0
"b9f76912-97a1-48f0-914d-0b40f4b8db6c","Thana","KAUNIA","কাউনিয়া","485",false,"division=6&district=59&thana=485","",0,0,0,0,0,0,0,0,0,0,0,0,0,0,0,0,0,0,0,0,0,0,0,0
"fb11f7f2-4f57-4fa5-8774-58abb7edcd03","Thana","RANGPUR SADAR","রংপুর সদর","486",false,"division=6&district=59&thana=486","",0,0,0,0,0,0,0,0,0,0,0,0,0,0,0,0,0,0,0,0,0,0,0,0
"01b42150-42c2-416e-b6b7-502a4d115720","Thana","MITHA PUKUR","মিঠাপুকুর","487",false,"division=6&district=59&thana=487","",0,0,0,0,0,0,0,0,0,0,0,0,0,0,0,0,0,0,0,0,0,0,0,0
"ded4e336-2272-4eaa-a907-21a24400bdb4","Thana","PIRGACHHA","পীরগাছা","488",false,"division=6&district=59&thana=488","",0,0,0,0,0,0,0,0,0,0,0,0,0,0,0,0,0,0,0,0,0,0,0,0
"0b0fd49c-6884-4dbb-b5f4-f3e23da25b21","Thana","PIRGANJ","পীরগঞ্জ","489",false,"division=6&district=59&thana=489","",0,0,0,0,0,0,0,0,0,0,0,0,0,0,0,0,0,0,0,0,0,0,0,0
"09a3059d-71b5-40bb-b713-74b9dbf3dbd4","Thana","TARAGANJ","তারাগঞ্জ","490",false,"division=6&district=59&thana=490","",0,0,0,0,0,0,0,0,0,0,0,0,0,0,0,0,0,0,0,0,0,0,0,0
"29b05a54-56ec-4a80-8819-63e4d8bebbe8","Thana","BALIADANGI","বালিয়াডাংগী","553",false,"division=6&district=60&thana=553","",0,0,0,0,0,0,0,0,0,0,0,0,0,0,0,0,0,0,0,0,0,0,0,0
"f3f8faf9-0a9e-4796-83d6-112192a6f58c","Thana","HARIPUR","হরিপুর","554",false,"division=6&district=60&thana=554","",0,0,0,0,0,0,0,0,0,0,0,0,0,0,0,0,0,0,0,0,0,0,0,0
"14455c22-518b-4cf3-b209-236772ca3ea6","Thana","PIRGANJ","পীরগঞ্জ","555",false,"division=6&district=60&thana=555","",0,0,0,0,0,0,0,0,0,0,0,0,0,0,0,0,0,0,0,0,0,0,0,0
"532f7dd5-9bb8-4a36-ac55-039383dd44a7","Thana","RANISANKAIL","রানীশংকাইল","556",false,"division=6&district=60&thana=556","",0,0,0,0,0,0,0,0,0,0,0,0,0,0,0,0,0,0,0,0,0,0,0,0
"7b2a89fc-8cae-4779-b677-378a3e359be7","Thana","THAKURGAON SADAR","ঠাকুরগাঁও সদর","557",false,"division=6&district=60&thana=557","",0,0,0,0,0,0,0,0,0,0,0,0,0,0,0,0,0,0,0,0,0,0,0,0
"f2cc464b-f8ff-4998-95c2-ce594f44069a","Thana","AJMIRIGANJ","আজমিরিগঞ্জ","222",false,"division=7&district=61&thana=222","",0,0,0,0,0,0,0,0,0,0,0,0,0,0,0,0,0,0,0,0,0,0,0,0
"3e1a85c9-5054-4c43-a26b-74af63d873b8","Thana","BAHUBAL","বাহুবল","223",false,"division=7&district=61&thana=223","",0,0,0,0,0,0,0,0,0,0,0,0,0,0,0,0,0,0,0,0,0,0,0,0
"2ac9d564-d665-441a-8872-935bbab2ed30","Thana","BANIACHONG","বানিয়াচং","224",false,"division=7&district=61&thana=224","",0,0,0,0,0,0,0,0,0,0,0,0,0,0,0,0,0,0,0,0,0,0,0,0
"75fc7a80-53f4-4d39-ac78-b06f9d54339d","Thana","CHUNARUGHAT","চুনারুঘাট","225",false,"division=7&district=61&thana=225","",0,0,0,0,0,0,0,0,0,0,0,0,0,0,0,0,0,0,0,0,0,0,0,0
"b2bcf858-8c1f-40c7-b40b-c41c3dc0c774","Thana","HABIGANJ SADAR","হবিগঞ্জ সদর","226",false,"division=7&district=61&thana=226","",0,0,0,0,0,0,0,0,0,0,0,0,0,0,0,0,0,0,0,0,0,0,0,0
"689a8ed0-305d-4a5f-8c58-36055919b568","Thana","LAKHAI","লাখাই","227",false,"division=7&district=61&thana=227","",0,0,0,0,0,0,0,0,0,0,0,0,0,0,0,0,0,0,0,0,0,0,0,0
"7ec89969-0cf9-47d9-a0a9-c71210f7254b","Thana","MADHABPUR","মাধবপুর","228",false,"division=7&district=61&thana=228","",0,0,0,0,0,0,0,0,0,0,0,0,0,0,0,0,0,0,0,0,0,0,0,0
"cf6b854a-a134-497c-892e-4d0d5c19f0ed","Thana","NABIGANJ","নবীগঞ্জ","229",false,"division=7&district=61&thana=229","",0,0,0,0,0,0,0,0,0,0,0,0,0,0,0,0,0,0,0,0,0,0,0,0
"4c0f1a14-9531-4c0e-a6a8-db4c0415ca0e","Thana","BARLEKHA","বড়লেখা","338",false,"division=7&district=62&thana=338","",0,0,0,0,0,0,0,0,0,0,0,0,0,0,0,0,0,0,0,0,0,0,0,0
"7797d01e-e0b1-420b-985e-646250d7c8c5","Thana","JURI","জুড়ী","339",false,"division=7&district=62&thana=339","",0,0,0,0,0,0,0,0,0,0,0,0,0,0,0,0,0,0,0,0,0,0,0,0
"13288629-ed22-4809-8a50-6dbacc22c65a","Thana","KAMALGANJ","কমলগঞ্জ","340",false,"division=7&district=62&thana=340","",0,0,0,0,0,0,0,0,0,0,0,0,0,0,0,0,0,0,0,0,0,0,0,0
"4661b0e9-84e0-4e69-9578-c9c1bea72c33","Thana","KULAURA","কুলাউড়া","341",false,"division=7&district=62&thana=341","",0,0,0,0,0,0,0,0,0,0,0,0,0,0,0,0,0,0,0,0,0,0,0,0
"4edb7b58-1d0d-4559-b887-91450af3caf9","Thana","MAULVIBAZAR SADAR","মৌলভীবাজার সদর","342",false,"division=7&district=62&thana=342","",0,0,0,0,0,0,0,0,0,0,0,0,0,0,0,0,0,0,0,0,0,0,0,0
"bbc78049-eee0-499e-9308-57aea7b86131","Thana","RAJNAGAR","রাজনগর","343",false,"division=7&district=62&thana=343","",0,0,0,0,0,0,0,0,0,0,0,0,0,0,0,0,0,0,0,0,0,0,0,0
"28648564-130a-413d-8383-cd3e355e3c33","Thana","SREEMANGAL","শ্রীমঙ্গল","344",false,"division=7&district=62&thana=344","",0,0,0,0,0,0,0,0,0,0,0,0,0,0,0,0,0,0,0,0,0,0,0,0
"cb15c5de-2261-4be9-b51f-9e2f022d7bf2","Thana","BISHWAMBARPUR","বিশ্বম্ভরপুর","518",false,"division=7&district=63&thana=518","",0,0,0,0,0,0,0,0,0,0,0,0,0,0,0,0,0,0,0,0,0,0,0,0
"2eed9aea-0aeb-4fc1-b748-abd87a1e22b4","Thana","CHHATAK","ছাতক","519",false,"division=7&district=63&thana=519","",0,0,0,0,0,0,0,0,0,0,0,0,0,0,0,0,0,0,0,0,0,0,0,0
"7bc8499a-1d39-47d6-802e-34285d3e46ba","Thana","DAKSHIN SUNAMGANJ","দক্ষিন সুনামগঞ্জ","520",false,"division=7&district=63&thana=520","",0,0,0,0,0,0,0,0,0,0,0,0,0,0,0,0,0,0,0,0,0,0,0,0
"ddba46b5-477f-4ff1-a333-cd19de5624c0","Thana","DERAI","দিরাই","521",false,"division=7&district=63&thana=521","",0,0,0,0,0,0,0,0,0,0,0,0,0,0,0,0,0,0,0,0,0,0,0,0
"463b2519-4d79-493d-9b4f-1caded08192a","Thana","DHARAMPASHA","ধর্মপাশা","522",false,"division=7&district=63&thana=522","",0,0,0,0,0,0,0,0,0,0,0,0,0,0,0,0,0,0,0,0,0,0,0,0
"4fb05d97-9e4d-4c67-b67c-8ead5db0595c","Thana","DOWARABAZAR","দোয়ারাবাজার","523",false,"division=7&district=63&thana=523","",0,0,0,0,0,0,0,0,0,0,0,0,0,0,0,0,0,0,0,0,0,0,0,0
"9e2dab45-d3e0-48eb-97b6-cf33f8f3035e","Thana","JAGANNATHPUR","জগন্নাথপুর","524",false,"division=7&district=63&thana=524","",0,0,0,0,0,0,0,0,0,0,0,0,0,0,0,0,0,0,0,0,0,0,0,0
"2a65c870-deb9-4541-b18b-d0dfa99c43d2","Thana","JAMALGANJ","জামালগঞ্জ","525",false,"division=7&district=63&thana=525","",0,0,0,0,0,0,0,0,0,0,0,0,0,0,0,0,0,0,0,0,0,0,0,0
"f513e206-7e1e-4022-95f4-f425b86f3fd3","Thana","SULLA","শুল্লা","526",false,"division=7&district=63&thana=526","",0,0,0,0,0,0,0,0,0,0,0,0,0,0,0,0,0,0,0,0,0,0,0,0
"175bbc32-fbfe-4632-8740-fd417f0f32c4","Thana","SUNAMGANJ SADAR","সুনামগঞ্জ সদর","527",false,"division=7&district=63&thana=527","",0,0,0,0,0,0,0,0,0,0,0,0,0,0,0,0,0,0,0,0,0,0,0,0
"fce652ce-9838-4f35-8be4-fdd1b3157561","Thana","TAHIRPUR","তাহিরপুর","528",false,"division=7&district=63&thana=528","",0,0,0,0,0,0,0,0,0,0,0,0,0,0,0,0,0,0,0,0,0,0,0,0
"40da1461-cd5b-4527-b2e0-45464fc1a64f","Thana","BALAGANJ","বালাগঞ্জ","529",false,"division=7&district=64&thana=529","",0,0,0,0,0,0,0,0,0,0,0,0,0,0,0,0,0,0,0,0,0,0,0,0
"9692fd33-1c4a-4cdd-84db-a961e785584e","Thana","BEANI BAZAR","বিয়ানী বাজার","530",false,"division=7&district=64&thana=530","",0,0,0,0,0,0,0,0,0,0,0,0,0,0,0,0,0,0,0,0,0,0,0,0
"61364ec8-3c3d-499b-a830-0151524d2e1d","Thana","BISHWANATH","বিশ্বনাথ","531",false,"division=7&district=64&thana=531","",0,0,0,0,0,0,0,0,0,0,0,0,0,0,0,0,0,0,0,0,0,0,0,0
"3b3a5bb0-bc7f-4e90-a93d-12cf69097554","Thana","COMPANIGANJ","কোম্পানীগঞ্জ","532",false,"division=7&district=64&thana=532","",0,0,0,0,0,0,0,0,0,0,0,0,0,0,0,0,0,0,0,0,0,0,0,0
"8fdde890-be3b-4e84-9ea0-4f3fa0e5305f","Thana","DAKSHIN SURMA","দক্ষিণ সুরমা","533",false,"division=7&district=64&thana=533","",0,0,0,0,0,0,0,0,0,0,0,0,0,0,0,0,0,0,0,0,0,0,0,0
"c61cf738-43c7-449b-8bf6-2dd88b6e1d7c","Thana","FENCHUGANJ","ফেঞ্চুগঞ্জ","534",false,"division=7&district=64&thana=534","",0,0,0,0,0,0,0,0,0,0,0,0,0,0,0,0,0,0,0,0,0,0,0,0
"8bc4f31e-42ad-4a41-a71b-4f82eeeafcae","Thana","GOLAPGANJ","গোলাপগঞ্জ","535",false,"division=7&district=64&thana=535","",0,0,0,0,0,0,0,0,0,0,0,0,0,0,0,0,0,0,0,0,0,0,0,0
"8c17e6a9-cdc3-4365-b614-61ab99b4bcd0","Thana","GOWAINGHAT","গোয়াইনঘাট","536",false,"division=7&district=64&thana=536","",0,0,0,0,0,0,0,0,0,0,0,0,0,0,0,0,0,0,0,0,0,0,0,0
"7c35e71d-85bb-4eeb-a922-cfb9cfdc3c0b","Thana","JAINTIAPUR","জৈন্তাপুর","537",false,"division=7&district=64&thana=537","",0,0,0,0,0,0,0,0,0,0,0,0,0,0,0,0,0,0,0,0,0,0,0,0
"4bf2b07c-34e8-4c86-9a22-a7f2928c9bee","Thana","KANAIGHAT","কানাইঘাট","538",false,"division=7&district=64&thana=538","",0,0,0,0,0,0,0,0,0,0,0,0,0,0,0,0,0,0,0,0,0,0,0,0
"e4265faf-2e25-45eb-9b0f-1f85bd647450","Thana","SYLHET SADAR","সিলেট সদর","539",false,"division=7&district=64&thana=539","",0,0,0,0,0,0,0,0,0,0,0,0,0,0,0,0,0,0,0,0,0,0,0,0
"666f2325-8a83-43ce-affe-a3786feef7e1","Thana","ZAKIGANJ","জকিগঞ্জ","540",false,"division=7&district=64&thana=540","",0,0,0,0,0,0,0,0,0,0,0,0,0,0,0,0,0,0,0,0,0,0,0,0